SampleID	grain_length
IRIS_313-10000_IRIS_313-10000 8.2
IRIS_313-10001_IRIS_313-10001 9.6
IRIS_313-10002_IRIS_313-10002 7.8
IRIS_313-10007_IRIS_313-10007 9
IRIS_313-10010_IRIS_313-10010 8
IRIS_313-10014_IRIS_313-10014 9.1
IRIS_313-10016_IRIS_313-10016 10
IRIS_313-10020_IRIS_313-10020 7.9
IRIS_313-10025_IRIS_313-10025 7.7
IRIS_313-10026_IRIS_313-10026 8.3
IRIS_313-10030_IRIS_313-10030 9.8
IRIS_313-10032_IRIS_313-10032 8.7
IRIS_313-10034_IRIS_313-10034 10.7
IRIS_313-10035_IRIS_313-10035 9.3
IRIS_313-10040_IRIS_313-10040 7.5
IRIS_313-10041_IRIS_313-10041 9
IRIS_313-10045_IRIS_313-10045 9.3
IRIS_313-10046_IRIS_313-10046 8.5
IRIS_313-10047_IRIS_313-10047 8.1
IRIS_313-10048_IRIS_313-10048 10.6
IRIS_313-10050_IRIS_313-10050 10.1
IRIS_313-10051_IRIS_313-10051 8.5
IRIS_313-10054_IRIS_313-10054 10.4
IRIS_313-10056_IRIS_313-10056 7.5
IRIS_313-10057_IRIS_313-10057 7.8
IRIS_313-10059_IRIS_313-10059 7.5
IRIS_313-10061_IRIS_313-10061 12.7
IRIS_313-10062_IRIS_313-10062 10
IRIS_313-10065_IRIS_313-10065 8.5
IRIS_313-10067_IRIS_313-10067 9.3
IRIS_313-10071_IRIS_313-10071 8.4
IRIS_313-10073_IRIS_313-10073 8.3
IRIS_313-10074_IRIS_313-10074 7.8
IRIS_313-10075_IRIS_313-10075 8.5
IRIS_313-10076_IRIS_313-10076 8.1
IRIS_313-10077_IRIS_313-10077 7.9
IRIS_313-10078_IRIS_313-10078 9.1
IRIS_313-10079_IRIS_313-10079 9.4
IRIS_313-10080_IRIS_313-10080 8.4
IRIS_313-10082_IRIS_313-10082 8
IRIS_313-10083_IRIS_313-10083 9
IRIS_313-10084_IRIS_313-10084 8.4
IRIS_313-10089_IRIS_313-10089 7.6
IRIS_313-10092_IRIS_313-10092 7.2
IRIS_313-10093_IRIS_313-10093 6.6
IRIS_313-10094_IRIS_313-10094 8.5
IRIS_313-10096_IRIS_313-10096 7.8
IRIS_313-10097_IRIS_313-10097 7.1
IRIS_313-10099_IRIS_313-10099 8.4
IRIS_313-10102_IRIS_313-10102 9.1
IRIS_313-10103_IRIS_313-10103 8.4
IRIS_313-10109_IRIS_313-10109 10.2
IRIS_313-10111_IRIS_313-10111 9
IRIS_313-10113_IRIS_313-10113 8.9
IRIS_313-10114_IRIS_313-10114 8.5
IRIS_313-10119_IRIS_313-10119 9
IRIS_313-10129_IRIS_313-10129 8.2
IRIS_313-10134_IRIS_313-10134 9.8
IRIS_313-10148_IRIS_313-10148 8.7
IRIS_313-10150_IRIS_313-10150 8.5
IRIS_313-10151_IRIS_313-10151 10.5
IRIS_313-10152_IRIS_313-10152 9.8
IRIS_313-10154_IRIS_313-10154 8.5
IRIS_313-10158_IRIS_313-10158 10.2
IRIS_313-10161_IRIS_313-10161 9.8
IRIS_313-10164_IRIS_313-10164 7.4
IRIS_313-10167_IRIS_313-10167 9.3
IRIS_313-10168_IRIS_313-10168 8.9
IRIS_313-10170_IRIS_313-10170 8
IRIS_313-10171_IRIS_313-10171 8.9
IRIS_313-10176_IRIS_313-10176 9
IRIS_313-10177_IRIS_313-10177 7.6
IRIS_313-10178_IRIS_313-10178 8.5
IRIS_313-10179_IRIS_313-10179 8.4
IRIS_313-10189_IRIS_313-10189 7.4
IRIS_313-10190_IRIS_313-10190 7.8
IRIS_313-10191_IRIS_313-10191 8
IRIS_313-10211_IRIS_313-10211 8.1
IRIS_313-10220_IRIS_313-10220 9.4
IRIS_313-10221_IRIS_313-10221 7.7
IRIS_313-10224_IRIS_313-10224 8.6
IRIS_313-10226_IRIS_313-10226 9.2
IRIS_313-10228_IRIS_313-10228 6.6
IRIS_313-10234_IRIS_313-10234 8.9
IRIS_313-10235_IRIS_313-10235 10.1
IRIS_313-10238_IRIS_313-10238 8.9
IRIS_313-10239_IRIS_313-10239 8.8
IRIS_313-10242_IRIS_313-10242 9.8
IRIS_313-10247_IRIS_313-10247 9.7
IRIS_313-10257_IRIS_313-10257 9.5
IRIS_313-10258_IRIS_313-10258 10.2
IRIS_313-10260_IRIS_313-10260 9
IRIS_313-10263_IRIS_313-10263 9.7
IRIS_313-10268_IRIS_313-10268 10.1
IRIS_313-10271_IRIS_313-10271 9.7
IRIS_313-10272_IRIS_313-10272 8.5
IRIS_313-10274_IRIS_313-10274 8.7
IRIS_313-10275_IRIS_313-10275 9.4
IRIS_313-10279_IRIS_313-10279 10.3
IRIS_313-10285_IRIS_313-10285 9.7
IRIS_313-10287_IRIS_313-10287 9.4
IRIS_313-10289_IRIS_313-10289 9.4
IRIS_313-10290_IRIS_313-10290 8.8
IRIS_313-10293_IRIS_313-10293 9.9
IRIS_313-10294_IRIS_313-10294 8.9
IRIS_313-10295_IRIS_313-10295 9.5
IRIS_313-10298_IRIS_313-10298 9.6
IRIS_313-10300_IRIS_313-10300 9.2
IRIS_313-10301_IRIS_313-10301 10
IRIS_313-10307_IRIS_313-10307 9.3
IRIS_313-10314_IRIS_313-10314 9
IRIS_313-10318_IRIS_313-10318 11.2
IRIS_313-10325_IRIS_313-10325 10.8
IRIS_313-10332_IRIS_313-10332 8.5
IRIS_313-10333_IRIS_313-10333 7.7
IRIS_313-10334_IRIS_313-10334 7.9
IRIS_313-10337_IRIS_313-10337 8.4
IRIS_313-10340_IRIS_313-10340 8.4
IRIS_313-10341_IRIS_313-10341 8.1
IRIS_313-10348_IRIS_313-10348 8.1
IRIS_313-10349_IRIS_313-10349 9.9
IRIS_313-10352_IRIS_313-10352 9.1
IRIS_313-10353_IRIS_313-10353 8.2
IRIS_313-10355_IRIS_313-10355 8.2
IRIS_313-10357_IRIS_313-10357 9.6
IRIS_313-10359_IRIS_313-10359 8.6
IRIS_313-10360_IRIS_313-10360 9.4
IRIS_313-10361_IRIS_313-10361 8
IRIS_313-10366_IRIS_313-10366 9.1
IRIS_313-10371_IRIS_313-10371 8.9
IRIS_313-10373_IRIS_313-10373 7.1
IRIS_313-10374_IRIS_313-10374 8.4
IRIS_313-10375_IRIS_313-10375 8.4
IRIS_313-10379_IRIS_313-10379 6.9
IRIS_313-10380_IRIS_313-10380 7
IRIS_313-10385_IRIS_313-10385 9.7
IRIS_313-10392_IRIS_313-10392 9.2
IRIS_313-10394_IRIS_313-10394 8.7
IRIS_313-10396_IRIS_313-10396 8.8
IRIS_313-10397_IRIS_313-10397 10
IRIS_313-10398_IRIS_313-10398 9.7
IRIS_313-10399_IRIS_313-10399 7.8
IRIS_313-10400_IRIS_313-10400 9.1
IRIS_313-10401_IRIS_313-10401 9.9
IRIS_313-10402_IRIS_313-10402 8.8
IRIS_313-10403_IRIS_313-10403 9.2
IRIS_313-10404_IRIS_313-10404 8.3
IRIS_313-10412_IRIS_313-10412 7.5
IRIS_313-10417_IRIS_313-10417 8.8
IRIS_313-10421_IRIS_313-10421 8.5
IRIS_313-10423_IRIS_313-10423 8.6
IRIS_313-10429_IRIS_313-10429 7.1
IRIS_313-10430_IRIS_313-10430 7.3
IRIS_313-10433_IRIS_313-10433 8.8
IRIS_313-10437_IRIS_313-10437 7.6
IRIS_313-10440_IRIS_313-10440 7.2
IRIS_313-10441_IRIS_313-10441 9.3
IRIS_313-10444_IRIS_313-10444 10.4
IRIS_313-10448_IRIS_313-10448 8.2
IRIS_313-10449_IRIS_313-10449 8.2
IRIS_313-10450_IRIS_313-10450 7.6
IRIS_313-10452_IRIS_313-10452 7.7
IRIS_313-10453_IRIS_313-10453 7
IRIS_313-10458_IRIS_313-10458 7.8
IRIS_313-10469_IRIS_313-10469 7.5
IRIS_313-10476_IRIS_313-10476 8.1
IRIS_313-10477_IRIS_313-10477 8.4
IRIS_313-10480_IRIS_313-10480 8.8
IRIS_313-10484_IRIS_313-10484 8.2
IRIS_313-10485_IRIS_313-10485 10
IRIS_313-10489_IRIS_313-10489 7.3
IRIS_313-10497_IRIS_313-10497 7.7
IRIS_313-10502_IRIS_313-10502 7.7
IRIS_313-10503_IRIS_313-10503 8.8
IRIS_313-10504_IRIS_313-10504 8.4
IRIS_313-10507_IRIS_313-10507 9.3
IRIS_313-10509_IRIS_313-10509 8.1
IRIS_313-10510_IRIS_313-10510 7.6
IRIS_313-10511_IRIS_313-10511 9.2
IRIS_313-10513_IRIS_313-10513 7.9
IRIS_313-10514_IRIS_313-10514 9.6
IRIS_313-10515_IRIS_313-10515 7.4
IRIS_313-10516_IRIS_313-10516 8.6
IRIS_313-10517_IRIS_313-10517 8.5
IRIS_313-10518_IRIS_313-10518 8.5
IRIS_313-10519_IRIS_313-10519 7.1
IRIS_313-10523_IRIS_313-10523 8.7
IRIS_313-10525_IRIS_313-10525 8.1
IRIS_313-10527_IRIS_313-10527 7.6
IRIS_313-10531_IRIS_313-10531 9.5
IRIS_313-10534_IRIS_313-10534 8.1
IRIS_313-10536_IRIS_313-10536 9.3
IRIS_313-10539_IRIS_313-10539 8.1
IRIS_313-10541_IRIS_313-10541 9.6
IRIS_313-10542_IRIS_313-10542 8
IRIS_313-10543_IRIS_313-10543 8.4
IRIS_313-10544_IRIS_313-10544 7.8
IRIS_313-10545_IRIS_313-10545 8.8
IRIS_313-10547_IRIS_313-10547 8.7
IRIS_313-10549_IRIS_313-10549 8.1
IRIS_313-10550_IRIS_313-10550 9.7
IRIS_313-10552_IRIS_313-10552 9
IRIS_313-10554_IRIS_313-10554 9.5
IRIS_313-10555_IRIS_313-10555 8.9
IRIS_313-10556_IRIS_313-10556 8.5
IRIS_313-10557_IRIS_313-10557 8.4
IRIS_313-10558_IRIS_313-10558 7.4
IRIS_313-10559_IRIS_313-10559 7.6
IRIS_313-10560_IRIS_313-10560 8.3
IRIS_313-10561_IRIS_313-10561 8.6
IRIS_313-10562_IRIS_313-10562 8.9
IRIS_313-10563_IRIS_313-10563 9.5
IRIS_313-10564_IRIS_313-10564 7.4
IRIS_313-10565_IRIS_313-10565 9.8
IRIS_313-10566_IRIS_313-10566 9.4
IRIS_313-10567_IRIS_313-10567 7.5
IRIS_313-10568_IRIS_313-10568 7.4
IRIS_313-10569_IRIS_313-10569 7.7
IRIS_313-10570_IRIS_313-10570 7.5
IRIS_313-10572_IRIS_313-10572 7.8
IRIS_313-10573_IRIS_313-10573 6.3
IRIS_313-10574_IRIS_313-10574 8.2
IRIS_313-10575_IRIS_313-10575 8.6
IRIS_313-10576_IRIS_313-10576 10.3
IRIS_313-10577_IRIS_313-10577 9.6
IRIS_313-10578_IRIS_313-10578 9
IRIS_313-10580_IRIS_313-10580 8.5
IRIS_313-10581_IRIS_313-10581 8.5
IRIS_313-10582_IRIS_313-10582 9.4
IRIS_313-10583_IRIS_313-10583 7.3
IRIS_313-10585_IRIS_313-10585 7.5
IRIS_313-10587_IRIS_313-10587 8.4
IRIS_313-10592_IRIS_313-10592 9.2
IRIS_313-10593_IRIS_313-10593 8.4
IRIS_313-10594_IRIS_313-10594 9.1
IRIS_313-10595_IRIS_313-10595 9
IRIS_313-10598_IRIS_313-10598 7.5
IRIS_313-10600_IRIS_313-10600 9.4
IRIS_313-10602_IRIS_313-10602 8
IRIS_313-10603_IRIS_313-10603 8.5
IRIS_313-10604_IRIS_313-10604 9.1
IRIS_313-10605_IRIS_313-10605 8.1
IRIS_313-10606_IRIS_313-10606 8.8
IRIS_313-10608_IRIS_313-10608 10.4
IRIS_313-10609_IRIS_313-10609 8.2
IRIS_313-10610_IRIS_313-10610 8.3
IRIS_313-10614_IRIS_313-10614 8.5
IRIS_313-10617_IRIS_313-10617 7.9
IRIS_313-10618_IRIS_313-10618 7.6
IRIS_313-10619_IRIS_313-10619 9.6
IRIS_313-10620_IRIS_313-10620 10.4
IRIS_313-10623_IRIS_313-10623 8.7
IRIS_313-10628_IRIS_313-10628 8.9
IRIS_313-10631_IRIS_313-10631 7.3
IRIS_313-10640_IRIS_313-10640 11
IRIS_313-10642_IRIS_313-10642 7.6
IRIS_313-10644_IRIS_313-10644 9
IRIS_313-10645_IRIS_313-10645 9.5
IRIS_313-10648_IRIS_313-10648 10.2
IRIS_313-10649_IRIS_313-10649 8.9
IRIS_313-10651_IRIS_313-10651 9.9
IRIS_313-10652_IRIS_313-10652 9.6
IRIS_313-10654_IRIS_313-10654 10.8
IRIS_313-10655_IRIS_313-10655 10.1
IRIS_313-10656_IRIS_313-10656 10.4
IRIS_313-10657_IRIS_313-10657 8.7
IRIS_313-10659_IRIS_313-10659 10.7
IRIS_313-10660_IRIS_313-10660 9.4
IRIS_313-10661_IRIS_313-10661 8.8
IRIS_313-10662_IRIS_313-10662 8.3
IRIS_313-10664_IRIS_313-10664 8.2
IRIS_313-10666_IRIS_313-10666 9.8
IRIS_313-10667_IRIS_313-10667 8.2
IRIS_313-10668_IRIS_313-10668 10.3
IRIS_313-10670_IRIS_313-10670 8.5
IRIS_313-10671_IRIS_313-10671 8.7
IRIS_313-10673_IRIS_313-10673 7.7
IRIS_313-10674_IRIS_313-10674 8.6
IRIS_313-10675_IRIS_313-10675 8.7
IRIS_313-10676_IRIS_313-10676 9.5
IRIS_313-10677_IRIS_313-10677 7.4
IRIS_313-10678_IRIS_313-10678 10.2
IRIS_313-10679_IRIS_313-10679 9.7
IRIS_313-10680_IRIS_313-10680 8
IRIS_313-10681_IRIS_313-10681 9.9
IRIS_313-10682_IRIS_313-10682 8.6
IRIS_313-10683_IRIS_313-10683 8.4
IRIS_313-10684_IRIS_313-10684 7.2
IRIS_313-10688_IRIS_313-10688 8.2
IRIS_313-10689_IRIS_313-10689 8.2
IRIS_313-10690_IRIS_313-10690 8.7
IRIS_313-10692_IRIS_313-10692 8.8
IRIS_313-10693_IRIS_313-10693 8.9
IRIS_313-10694_IRIS_313-10694 9.5
IRIS_313-10695_IRIS_313-10695 9.8
IRIS_313-10698_IRIS_313-10698 8.5
IRIS_313-10703_IRIS_313-10703 9.2
IRIS_313-10704_IRIS_313-10704 9.6
IRIS_313-10705_IRIS_313-10705 10.1
IRIS_313-10708_IRIS_313-10708 9.2
IRIS_313-10710_IRIS_313-10710 8
IRIS_313-10711_IRIS_313-10711 9.3
IRIS_313-10712_IRIS_313-10712 9.6
IRIS_313-10715_IRIS_313-10715 8.7
IRIS_313-10716_IRIS_313-10716 8.1
IRIS_313-10717_IRIS_313-10717 8.9
IRIS_313-10718_IRIS_313-10718 7.3
IRIS_313-10719_IRIS_313-10719 8
IRIS_313-10720_IRIS_313-10720 9
IRIS_313-10721_IRIS_313-10721 7.7
IRIS_313-10722_IRIS_313-10722 6.8
IRIS_313-10723_IRIS_313-10723 8.1
IRIS_313-10725_IRIS_313-10725 8.7
IRIS_313-10726_IRIS_313-10726 9.2
IRIS_313-10728_IRIS_313-10728 7.9
IRIS_313-10729_IRIS_313-10729 8.1
IRIS_313-10730_IRIS_313-10730 9.3
IRIS_313-10731_IRIS_313-10731 8.3
IRIS_313-10732_IRIS_313-10732 8.4
IRIS_313-10733_IRIS_313-10733 9.6
IRIS_313-10734_IRIS_313-10734 8
IRIS_313-10735_IRIS_313-10735 8.5
IRIS_313-10736_IRIS_313-10736 6.5
IRIS_313-10737_IRIS_313-10737 8.2
IRIS_313-10738_IRIS_313-10738 7.4
IRIS_313-10739_IRIS_313-10739 8.4
IRIS_313-10740_IRIS_313-10740 9.8
IRIS_313-10741_IRIS_313-10741 9.5
IRIS_313-10742_IRIS_313-10742 8.5
IRIS_313-10743_IRIS_313-10743 7.5
IRIS_313-10744_IRIS_313-10744 6.9
IRIS_313-10745_IRIS_313-10745 8.7
IRIS_313-10747_IRIS_313-10747 9.2
IRIS_313-10748_IRIS_313-10748 8.6
IRIS_313-10750_IRIS_313-10750 8.8
IRIS_313-10751_IRIS_313-10751 7.8
IRIS_313-10752_IRIS_313-10752 9.6
IRIS_313-10753_IRIS_313-10753 8.5
IRIS_313-10754_IRIS_313-10754 8.1
IRIS_313-10755_IRIS_313-10755 9.6
IRIS_313-10756_IRIS_313-10756 7.6
IRIS_313-10758_IRIS_313-10758 9.5
IRIS_313-10759_IRIS_313-10759 9.6
IRIS_313-10761_IRIS_313-10761 8.5
IRIS_313-10762_IRIS_313-10762 8.4
IRIS_313-10765_IRIS_313-10765 8.5
IRIS_313-10766_IRIS_313-10766 7.8
IRIS_313-10767_IRIS_313-10767 8
IRIS_313-10768_IRIS_313-10768 8.8
IRIS_313-10769_IRIS_313-10769 9.4
IRIS_313-10770_IRIS_313-10770 8.3
IRIS_313-10772_IRIS_313-10772 8.2
IRIS_313-10773_IRIS_313-10773 9.3
IRIS_313-10774_IRIS_313-10774 9.5
IRIS_313-10775_IRIS_313-10775 9.3
IRIS_313-10776_IRIS_313-10776 8.3
IRIS_313-10777_IRIS_313-10777 7.7
IRIS_313-10779_IRIS_313-10779 9.5
IRIS_313-10780_IRIS_313-10780 8.6
IRIS_313-10781_IRIS_313-10781 9.8
IRIS_313-10782_IRIS_313-10782 9.7
IRIS_313-10783_IRIS_313-10783 8.9
IRIS_313-10784_IRIS_313-10784 9.6
IRIS_313-10785_IRIS_313-10785 9.9
IRIS_313-10788_IRIS_313-10788 8.5
IRIS_313-10789_IRIS_313-10789 9.6
IRIS_313-10791_IRIS_313-10791 8.8
IRIS_313-10792_IRIS_313-10792 8.5
IRIS_313-10793_IRIS_313-10793 7.8
IRIS_313-10794_IRIS_313-10794 8.6
IRIS_313-10795_IRIS_313-10795 8.3
IRIS_313-10796_IRIS_313-10796 9.2
IRIS_313-10797_IRIS_313-10797 9.8
IRIS_313-10798_IRIS_313-10798 6.9
IRIS_313-10799_IRIS_313-10799 8.6
IRIS_313-10800_IRIS_313-10800 10.1
IRIS_313-10801_IRIS_313-10801 8.9
IRIS_313-10804_IRIS_313-10804 7.8
IRIS_313-10805_IRIS_313-10805 8.3
IRIS_313-10806_IRIS_313-10806 8.9
IRIS_313-10808_IRIS_313-10808 9.2
IRIS_313-10809_IRIS_313-10809 8.2
IRIS_313-10810_IRIS_313-10810 9.6
IRIS_313-10811_IRIS_313-10811 8.7
IRIS_313-10812_IRIS_313-10812 8.2
IRIS_313-10814_IRIS_313-10814 9.6
IRIS_313-10815_IRIS_313-10815 8.3
IRIS_313-10816_IRIS_313-10816 8.5
IRIS_313-10817_IRIS_313-10817 8.5
IRIS_313-10818_IRIS_313-10818 7.9
IRIS_313-10819_IRIS_313-10819 7.6
IRIS_313-10820_IRIS_313-10820 8.5
IRIS_313-10821_IRIS_313-10821 8.4
IRIS_313-10822_IRIS_313-10822 6.6
IRIS_313-10823_IRIS_313-10823 7.6
IRIS_313-10824_IRIS_313-10824 9.3
IRIS_313-10825_IRIS_313-10825 8.2
IRIS_313-10827_IRIS_313-10827 8.7
IRIS_313-10828_IRIS_313-10828 7.7
IRIS_313-10829_IRIS_313-10829 8.2
IRIS_313-10830_IRIS_313-10830 7.9
IRIS_313-10831_IRIS_313-10831 7.3
IRIS_313-10832_IRIS_313-10832 10
IRIS_313-10833_IRIS_313-10833 7.7
IRIS_313-10834_IRIS_313-10834 8.9
IRIS_313-10835_IRIS_313-10835 8.3
IRIS_313-10836_IRIS_313-10836 7.9
IRIS_313-10837_IRIS_313-10837 6.9
IRIS_313-10838_IRIS_313-10838 6.3
IRIS_313-10839_IRIS_313-10839 6.6
IRIS_313-10840_IRIS_313-10840 6.6
IRIS_313-10841_IRIS_313-10841 9.5
IRIS_313-10842_IRIS_313-10842 7.2
IRIS_313-10844_IRIS_313-10844 7.7
IRIS_313-10845_IRIS_313-10845 8.4
IRIS_313-10847_IRIS_313-10847 8.4
IRIS_313-10848_IRIS_313-10848 8.6
IRIS_313-10849_IRIS_313-10849 8.5
IRIS_313-10850_IRIS_313-10850 8.4
IRIS_313-10851_IRIS_313-10851 8.4
IRIS_313-10852_IRIS_313-10852 7.2
IRIS_313-10853_IRIS_313-10853 8.2
IRIS_313-10854_IRIS_313-10854 9
IRIS_313-10855_IRIS_313-10855 9
IRIS_313-10856_IRIS_313-10856 7.9
IRIS_313-10857_IRIS_313-10857 10.3
IRIS_313-10858_IRIS_313-10858 9.1
IRIS_313-10859_IRIS_313-10859 7.6
IRIS_313-10861_IRIS_313-10861 8.1
IRIS_313-10862_IRIS_313-10862 8.2
IRIS_313-10863_IRIS_313-10863 8.7
IRIS_313-10864_IRIS_313-10864 7.7
IRIS_313-10865_IRIS_313-10865 8.5
IRIS_313-10866_IRIS_313-10866 8.1
IRIS_313-10867_IRIS_313-10867 9.8
IRIS_313-10868_IRIS_313-10868 6
IRIS_313-10869_IRIS_313-10869 8.7
IRIS_313-10870_IRIS_313-10870 5.7
IRIS_313-10871_IRIS_313-10871 8.3
IRIS_313-10872_IRIS_313-10872 9.3
IRIS_313-10873_IRIS_313-10873 8.5
IRIS_313-10874_IRIS_313-10874 8.3
IRIS_313-10875_IRIS_313-10875 7.4
IRIS_313-10876_IRIS_313-10876 8
IRIS_313-10877_IRIS_313-10877 9.1
IRIS_313-10878_IRIS_313-10878 9.2
IRIS_313-10879_IRIS_313-10879 8.3
IRIS_313-10880_IRIS_313-10880 8.6
IRIS_313-10881_IRIS_313-10881 7.2
IRIS_313-10882_IRIS_313-10882 6.4
IRIS_313-10883_IRIS_313-10883 10.8
IRIS_313-10884_IRIS_313-10884 10
IRIS_313-10885_IRIS_313-10885 7.8
IRIS_313-10886_IRIS_313-10886 6.8
IRIS_313-10887_IRIS_313-10887 8.9
IRIS_313-10888_IRIS_313-10888 10.1
IRIS_313-10891_IRIS_313-10891 7.7
IRIS_313-10892_IRIS_313-10892 7.4
IRIS_313-10893_IRIS_313-10893 8.4
IRIS_313-10894_IRIS_313-10894 9.2
IRIS_313-10895_IRIS_313-10895 6.7
IRIS_313-10896_IRIS_313-10896 8
IRIS_313-10897_IRIS_313-10897 6.4
IRIS_313-10898_IRIS_313-10898 8.3
IRIS_313-10899_IRIS_313-10899 10
IRIS_313-10900_IRIS_313-10900 8.6
IRIS_313-10901_IRIS_313-10901 8.7
IRIS_313-10903_IRIS_313-10903 9.1
IRIS_313-10904_IRIS_313-10904 8.3
IRIS_313-10907_IRIS_313-10907 6.5
IRIS_313-10908_IRIS_313-10908 8.6
IRIS_313-10909_IRIS_313-10909 7.5
IRIS_313-10910_IRIS_313-10910 7.7
IRIS_313-10915_IRIS_313-10915 8.5
IRIS_313-10917_IRIS_313-10917 9.5
IRIS_313-10918_IRIS_313-10918 8.7
IRIS_313-10919_IRIS_313-10919 8.9
IRIS_313-10920_IRIS_313-10920 8.6
IRIS_313-10921_IRIS_313-10921 9
IRIS_313-10922_IRIS_313-10922 9.9
IRIS_313-10923_IRIS_313-10923 9.8
IRIS_313-10924_IRIS_313-10924 9.2
IRIS_313-10925_IRIS_313-10925 8.8
IRIS_313-10926_IRIS_313-10926 7.8
IRIS_313-10927_IRIS_313-10927 8.8
IRIS_313-10928_IRIS_313-10928 9.6
IRIS_313-10929_IRIS_313-10929 8.2
IRIS_313-10930_IRIS_313-10930 7.5
IRIS_313-10931_IRIS_313-10931 8.2
IRIS_313-10932_IRIS_313-10932 8.4
IRIS_313-10933_IRIS_313-10933 7.6
IRIS_313-10934_IRIS_313-10934 8.8
IRIS_313-10935_IRIS_313-10935 9.8
IRIS_313-10936_IRIS_313-10936 9.9
IRIS_313-10937_IRIS_313-10937 7.8
IRIS_313-10940_IRIS_313-10940 8.3
IRIS_313-10941_IRIS_313-10941 9.9
IRIS_313-10942_IRIS_313-10942 8.9
IRIS_313-10943_IRIS_313-10943 7.7
IRIS_313-10944_IRIS_313-10944 8.8
IRIS_313-10945_IRIS_313-10945 7
IRIS_313-10946_IRIS_313-10946 8.5
IRIS_313-10947_IRIS_313-10947 8.3
IRIS_313-10948_IRIS_313-10948 8.5
IRIS_313-10949_IRIS_313-10949 7.7
IRIS_313-10950_IRIS_313-10950 8.5
IRIS_313-10951_IRIS_313-10951 8.4
IRIS_313-10952_IRIS_313-10952 7.9
IRIS_313-10953_IRIS_313-10953 8.6
IRIS_313-10954_IRIS_313-10954 8.4
IRIS_313-10955_IRIS_313-10955 5.9
IRIS_313-10956_IRIS_313-10956 8.1
IRIS_313-10957_IRIS_313-10957 9
IRIS_313-10958_IRIS_313-10958 9.4
IRIS_313-10959_IRIS_313-10959 8.9
IRIS_313-10960_IRIS_313-10960 8.9
IRIS_313-10962_IRIS_313-10962 8.8
IRIS_313-10963_IRIS_313-10963 8.5
IRIS_313-10964_IRIS_313-10964 7.8
IRIS_313-10965_IRIS_313-10965 8.7
IRIS_313-10966_IRIS_313-10966 9
IRIS_313-10967_IRIS_313-10967 7.9
IRIS_313-10968_IRIS_313-10968 8.2
IRIS_313-10969_IRIS_313-10969 8.5
IRIS_313-10971_IRIS_313-10971 8.2
IRIS_313-10972_IRIS_313-10972 8.2
IRIS_313-10973_IRIS_313-10973 8.3
IRIS_313-10974_IRIS_313-10974 8.1
IRIS_313-10976_IRIS_313-10976 8.4
IRIS_313-10977_IRIS_313-10977 7.9
IRIS_313-10978_IRIS_313-10978 9.1
IRIS_313-10980_IRIS_313-10980 8.5
IRIS_313-10981_IRIS_313-10981 7.7
IRIS_313-10982_IRIS_313-10982 7.8
IRIS_313-10983_IRIS_313-10983 8.5
IRIS_313-10984_IRIS_313-10984 8.6
IRIS_313-10985_IRIS_313-10985 8.6
IRIS_313-10986_IRIS_313-10986 8.2
IRIS_313-10988_IRIS_313-10988 9.1
IRIS_313-10989_IRIS_313-10989 8.6
IRIS_313-10990_IRIS_313-10990 7.5
IRIS_313-10991_IRIS_313-10991 7.9
IRIS_313-10992_IRIS_313-10992 7.5
IRIS_313-10993_IRIS_313-10993 9
IRIS_313-10994_IRIS_313-10994 8.9
IRIS_313-10995_IRIS_313-10995 7.8
IRIS_313-10996_IRIS_313-10996 9.7
IRIS_313-10997_IRIS_313-10997 9
IRIS_313-10999_IRIS_313-10999 9.5
IRIS_313-11000_IRIS_313-11000 8
IRIS_313-11001_IRIS_313-11001 9.9
IRIS_313-11003_IRIS_313-11003 9.2
IRIS_313-11004_IRIS_313-11004 9
IRIS_313-11005_IRIS_313-11005 9
IRIS_313-11006_IRIS_313-11006 8
IRIS_313-11007_IRIS_313-11007 8.3
IRIS_313-11008_IRIS_313-11008 9
IRIS_313-11009_IRIS_313-11009 9.8
IRIS_313-11010_IRIS_313-11010 8.1
IRIS_313-11011_IRIS_313-11011 8.6
IRIS_313-11012_IRIS_313-11012 8.2
IRIS_313-11013_IRIS_313-11013 8.3
IRIS_313-11014_IRIS_313-11014 8.3
IRIS_313-11015_IRIS_313-11015 7.9
IRIS_313-11016_IRIS_313-11016 8.1
IRIS_313-11017_IRIS_313-11017 8.6
IRIS_313-11018_IRIS_313-11018 7.7
IRIS_313-11019_IRIS_313-11019 8.2
IRIS_313-11020_IRIS_313-11020 9.7
IRIS_313-11021_IRIS_313-11021 10
IRIS_313-11022_IRIS_313-11022 9.5
IRIS_313-11023_IRIS_313-11023 9.6
IRIS_313-11024_IRIS_313-11024 9.9
IRIS_313-11025_IRIS_313-11025 8.3
IRIS_313-11026_IRIS_313-11026 10.2
IRIS_313-11027_IRIS_313-11027 7.3
IRIS_313-11028_IRIS_313-11028 8.9
IRIS_313-11029_IRIS_313-11029 9.1
IRIS_313-11031_IRIS_313-11031 9.1
IRIS_313-11032_IRIS_313-11032 9.6
IRIS_313-11033_IRIS_313-11033 9.6
IRIS_313-11034_IRIS_313-11034 8.7
IRIS_313-11035_IRIS_313-11035 10
IRIS_313-11036_IRIS_313-11036 9.4
IRIS_313-11037_IRIS_313-11037 8
IRIS_313-11038_IRIS_313-11038 9
IRIS_313-11039_IRIS_313-11039 7.2
IRIS_313-11041_IRIS_313-11041 8.4
IRIS_313-11044_IRIS_313-11044 8.2
IRIS_313-11045_IRIS_313-11045 8.3
IRIS_313-11047_IRIS_313-11047 7.7
IRIS_313-11048_IRIS_313-11048 8.7
IRIS_313-11049_IRIS_313-11049 8.2
IRIS_313-11050_IRIS_313-11050 8.2
IRIS_313-11051_IRIS_313-11051 8.2
IRIS_313-11052_IRIS_313-11052 7.5
IRIS_313-11053_IRIS_313-11053 7.9
IRIS_313-11054_IRIS_313-11054 8.1
IRIS_313-11055_IRIS_313-11055 7.5
IRIS_313-11056_IRIS_313-11056 9.6
IRIS_313-11057_IRIS_313-11057 8.2
IRIS_313-11058_IRIS_313-11058 8.6
IRIS_313-11059_IRIS_313-11059 9
IRIS_313-11060_IRIS_313-11060 8.3
IRIS_313-11061_IRIS_313-11061 8.6
IRIS_313-11062_IRIS_313-11062 5.7
IRIS_313-11063_IRIS_313-11063 7.9
IRIS_313-11064_IRIS_313-11064 7.8
IRIS_313-11065_IRIS_313-11065 7.7
IRIS_313-11066_IRIS_313-11066 7.3
IRIS_313-11067_IRIS_313-11067 8.3
IRIS_313-11068_IRIS_313-11068 8.2
IRIS_313-11069_IRIS_313-11069 7.1
IRIS_313-11070_IRIS_313-11070 7.3
IRIS_313-11071_IRIS_313-11071 8.8
IRIS_313-11072_IRIS_313-11072 9
IRIS_313-11073_IRIS_313-11073 9.5
IRIS_313-11075_IRIS_313-11075 8.8
IRIS_313-11076_IRIS_313-11076 8.8
IRIS_313-11077_IRIS_313-11077 10.9
IRIS_313-11078_IRIS_313-11078 10.2
IRIS_313-11079_IRIS_313-11079 9.7
IRIS_313-11080_IRIS_313-11080 9.2
IRIS_313-11081_IRIS_313-11081 10.4
IRIS_313-11082_IRIS_313-11082 10.4
IRIS_313-11083_IRIS_313-11083 8.4
IRIS_313-11085_IRIS_313-11085 9.8
IRIS_313-11086_IRIS_313-11086 8.9
IRIS_313-11088_IRIS_313-11088 9.6
IRIS_313-11089_IRIS_313-11089 9.7
IRIS_313-11090_IRIS_313-11090 10.3
IRIS_313-11091_IRIS_313-11091 10.3
IRIS_313-11092_IRIS_313-11092 9.9
IRIS_313-11093_IRIS_313-11093 9.5
IRIS_313-11094_IRIS_313-11094 11.1
IRIS_313-11095_IRIS_313-11095 8.5
IRIS_313-11096_IRIS_313-11096 8.4
IRIS_313-11097_IRIS_313-11097 7.4
IRIS_313-11098_IRIS_313-11098 9.2
IRIS_313-11101_IRIS_313-11101 8.6
IRIS_313-11103_IRIS_313-11103 9.8
IRIS_313-11104_IRIS_313-11104 9.3
IRIS_313-11105_IRIS_313-11105 9.2
IRIS_313-11106_IRIS_313-11106 9.4
IRIS_313-11107_IRIS_313-11107 8.8
IRIS_313-11108_IRIS_313-11108 10.5
IRIS_313-11109_IRIS_313-11109 9
IRIS_313-11110_IRIS_313-11110 8.9
IRIS_313-11111_IRIS_313-11111 9.2
IRIS_313-11112_IRIS_313-11112 9
IRIS_313-11113_IRIS_313-11113 9.3
IRIS_313-11114_IRIS_313-11114 8.5
IRIS_313-11115_IRIS_313-11115 8.2
IRIS_313-11116_IRIS_313-11116 9.2
IRIS_313-11117_IRIS_313-11117 8.4
IRIS_313-11118_IRIS_313-11118 8
IRIS_313-11120_IRIS_313-11120 6.5
IRIS_313-11121_IRIS_313-11121 7.9
IRIS_313-11122_IRIS_313-11122 10
IRIS_313-11123_IRIS_313-11123 8.5
IRIS_313-11124_IRIS_313-11124 8.5
IRIS_313-11126_IRIS_313-11126 7.9
IRIS_313-11127_IRIS_313-11127 8.5
IRIS_313-11128_IRIS_313-11128 8.3
IRIS_313-11129_IRIS_313-11129 8.2
IRIS_313-11130_IRIS_313-11130 10.3
IRIS_313-11131_IRIS_313-11131 8.5
IRIS_313-11132_IRIS_313-11132 8.1
IRIS_313-11133_IRIS_313-11133 8.2
IRIS_313-11134_IRIS_313-11134 9
IRIS_313-11135_IRIS_313-11135 9.4
IRIS_313-11136_IRIS_313-11136 7.6
IRIS_313-11137_IRIS_313-11137 8.4
IRIS_313-11138_IRIS_313-11138 8.3
IRIS_313-11139_IRIS_313-11139 9.4
IRIS_313-11140_IRIS_313-11140 7.8
IRIS_313-11141_IRIS_313-11141 7.7
IRIS_313-11142_IRIS_313-11142 8.7
IRIS_313-11143_IRIS_313-11143 10
IRIS_313-11144_IRIS_313-11144 7.8
IRIS_313-11145_IRIS_313-11145 8
IRIS_313-11146_IRIS_313-11146 8.2
IRIS_313-11147_IRIS_313-11147 8.7
IRIS_313-11148_IRIS_313-11148 8
IRIS_313-11149_IRIS_313-11149 10.3
IRIS_313-11150_IRIS_313-11150 9.7
IRIS_313-11151_IRIS_313-11151 8.7
IRIS_313-11152_IRIS_313-11152 7.2
IRIS_313-11153_IRIS_313-11153 7.1
IRIS_313-11154_IRIS_313-11154 8.1
IRIS_313-11155_IRIS_313-11155 7.8
IRIS_313-11156_IRIS_313-11156 8.8
IRIS_313-11157_IRIS_313-11157 6.1
IRIS_313-11158_IRIS_313-11158 7.8
IRIS_313-11159_IRIS_313-11159 8.8
IRIS_313-11160_IRIS_313-11160 9.9
IRIS_313-11161_IRIS_313-11161 9.2
IRIS_313-11162_IRIS_313-11162 10.6
IRIS_313-11163_IRIS_313-11163 8.1
IRIS_313-11164_IRIS_313-11164 10.7
IRIS_313-11165_IRIS_313-11165 8.1
IRIS_313-11166_IRIS_313-11166 8.2
IRIS_313-11167_IRIS_313-11167 8.5
IRIS_313-11168_IRIS_313-11168 9.3
IRIS_313-11169_IRIS_313-11169 7.6
IRIS_313-11170_IRIS_313-11170 8.9
IRIS_313-11171_IRIS_313-11171 7.5
IRIS_313-11172_IRIS_313-11172 7.8
IRIS_313-11173_IRIS_313-11173 9.7
IRIS_313-11174_IRIS_313-11174 8.8
IRIS_313-11175_IRIS_313-11175 8.5
IRIS_313-11176_IRIS_313-11176 9
IRIS_313-11177_IRIS_313-11177 8.7
IRIS_313-11178_IRIS_313-11178 9.8
IRIS_313-11179_IRIS_313-11179 8.1
IRIS_313-11180_IRIS_313-11180 11.4
IRIS_313-11181_IRIS_313-11181 9.2
IRIS_313-11182_IRIS_313-11182 8.4
IRIS_313-11183_IRIS_313-11183 9.6
IRIS_313-11189_IRIS_313-11189 9.8
IRIS_313-11191_IRIS_313-11191 6.3
IRIS_313-11192_IRIS_313-11192 11
IRIS_313-11193_IRIS_313-11193 8.7
IRIS_313-11194_IRIS_313-11194 10.4
IRIS_313-11195_IRIS_313-11195 6.3
IRIS_313-11196_IRIS_313-11196 8.6
IRIS_313-11197_IRIS_313-11197 8.3
IRIS_313-11198_IRIS_313-11198 8
IRIS_313-11199_IRIS_313-11199 7.5
IRIS_313-11200_IRIS_313-11200 7.9
IRIS_313-11201_IRIS_313-11201 7.9
IRIS_313-11202_IRIS_313-11202 8
IRIS_313-11203_IRIS_313-11203 7.8
IRIS_313-11204_IRIS_313-11204 7.7
IRIS_313-11205_IRIS_313-11205 8.9
IRIS_313-11206_IRIS_313-11206 8
IRIS_313-11207_IRIS_313-11207 8.7
IRIS_313-11208_IRIS_313-11208 10.2
IRIS_313-11209_IRIS_313-11209 8.1
IRIS_313-11210_IRIS_313-11210 8.6
IRIS_313-11211_IRIS_313-11211 9.1
IRIS_313-11212_IRIS_313-11212 8.6
IRIS_313-11213_IRIS_313-11213 8.6
IRIS_313-11214_IRIS_313-11214 8.8
IRIS_313-11216_IRIS_313-11216 8.1
IRIS_313-11218_IRIS_313-11218 6.4
IRIS_313-11219_IRIS_313-11219 9.9
IRIS_313-11220_IRIS_313-11220 8.3
IRIS_313-11221_IRIS_313-11221 9.3
IRIS_313-11222_IRIS_313-11222 9.5
IRIS_313-11223_IRIS_313-11223 7.8
IRIS_313-11224_IRIS_313-11224 10.1
IRIS_313-11225_IRIS_313-11225 8.9
IRIS_313-11226_IRIS_313-11226 9.4
IRIS_313-11227_IRIS_313-11227 9.2
IRIS_313-11228_IRIS_313-11228 9.7
IRIS_313-11229_IRIS_313-11229 8.8
IRIS_313-11230_IRIS_313-11230 8.8
IRIS_313-11231_IRIS_313-11231 9.4
IRIS_313-11232_IRIS_313-11232 9
IRIS_313-11233_IRIS_313-11233 10.5
IRIS_313-11234_IRIS_313-11234 10.4
IRIS_313-11235_IRIS_313-11235 11.4
IRIS_313-11236_IRIS_313-11236 9.2
IRIS_313-11237_IRIS_313-11237 9.1
IRIS_313-11239_IRIS_313-11239 10.3
IRIS_313-11240_IRIS_313-11240 9
IRIS_313-11241_IRIS_313-11241 8.4
IRIS_313-11242_IRIS_313-11242 8.6
IRIS_313-11243_IRIS_313-11243 9.2
IRIS_313-11245_IRIS_313-11245 9.2
IRIS_313-11246_IRIS_313-11246 8
IRIS_313-11247_IRIS_313-11247 9.3
IRIS_313-11248_IRIS_313-11248 10.6
IRIS_313-11249_IRIS_313-11249 9.7
IRIS_313-11250_IRIS_313-11250 9
IRIS_313-11251_IRIS_313-11251 8.4
IRIS_313-11254_IRIS_313-11254 7.9
IRIS_313-11255_IRIS_313-11255 8.3
IRIS_313-11256_IRIS_313-11256 8.8
IRIS_313-11257_IRIS_313-11257 9
IRIS_313-11258_IRIS_313-11258 5.5
IRIS_313-11259_IRIS_313-11259 8.2
IRIS_313-11260_IRIS_313-11260 8.7
IRIS_313-11261_IRIS_313-11261 9.2
IRIS_313-11262_IRIS_313-11262 7.8
IRIS_313-11263_IRIS_313-11263 8.4
IRIS_313-11264_IRIS_313-11264 9.4
IRIS_313-11265_IRIS_313-11265 7.2
IRIS_313-11266_IRIS_313-11266 7.4
IRIS_313-11267_IRIS_313-11267 8.4
IRIS_313-11268_IRIS_313-11268 8.2
IRIS_313-11269_IRIS_313-11269 8.3
IRIS_313-11270_IRIS_313-11270 8
IRIS_313-11271_IRIS_313-11271 8.3
IRIS_313-11272_IRIS_313-11272 8
IRIS_313-11273_IRIS_313-11273 8.8
IRIS_313-11274_IRIS_313-11274 7.5
IRIS_313-11275_IRIS_313-11275 8.3
IRIS_313-11276_IRIS_313-11276 8.6
IRIS_313-11277_IRIS_313-11277 8.5
IRIS_313-11279_IRIS_313-11279 9.2
IRIS_313-11280_IRIS_313-11280 11
IRIS_313-11281_IRIS_313-11281 8.8
IRIS_313-11282_IRIS_313-11282 8.2
IRIS_313-11283_IRIS_313-11283 8.1
IRIS_313-11284_IRIS_313-11284 8.5
IRIS_313-11286_IRIS_313-11286 8.8
IRIS_313-11287_IRIS_313-11287 9.6
IRIS_313-11288_IRIS_313-11288 8.8
IRIS_313-11289_IRIS_313-11289 8.6
IRIS_313-11290_IRIS_313-11290 8.6
IRIS_313-11291_IRIS_313-11291 6.7
IRIS_313-11292_IRIS_313-11292 8.5
IRIS_313-11293_IRIS_313-11293 8.4
IRIS_313-11294_IRIS_313-11294 8.5
IRIS_313-11295_IRIS_313-11295 8.5
IRIS_313-11296_IRIS_313-11296 8.4
IRIS_313-11297_IRIS_313-11297 7
IRIS_313-11298_IRIS_313-11298 7.1
IRIS_313-11299_IRIS_313-11299 9.7
IRIS_313-11300_IRIS_313-11300 9.5
IRIS_313-11301_IRIS_313-11301 8.1
IRIS_313-11302_IRIS_313-11302 9
IRIS_313-11303_IRIS_313-11303 8.3
IRIS_313-11304_IRIS_313-11304 9.6
IRIS_313-11305_IRIS_313-11305 9.4
IRIS_313-11306_IRIS_313-11306 8.8
IRIS_313-11307_IRIS_313-11307 8.7
IRIS_313-11308_IRIS_313-11308 8
IRIS_313-11309_IRIS_313-11309 9.5
IRIS_313-11310_IRIS_313-11310 7.8
IRIS_313-11311_IRIS_313-11311 8
IRIS_313-11312_IRIS_313-11312 7.7
IRIS_313-11313_IRIS_313-11313 8.2
IRIS_313-11314_IRIS_313-11314 9.6
IRIS_313-11315_IRIS_313-11315 9
IRIS_313-11316_IRIS_313-11316 6.7
IRIS_313-11317_IRIS_313-11317 10.2
IRIS_313-11318_IRIS_313-11318 10.4
IRIS_313-11321_IRIS_313-11321 7.8
IRIS_313-11322_IRIS_313-11322 7.9
IRIS_313-11323_IRIS_313-11323 7.8
IRIS_313-11324_IRIS_313-11324 7.6
IRIS_313-11325_IRIS_313-11325 11
IRIS_313-11326_IRIS_313-11326 8.5
IRIS_313-11327_IRIS_313-11327 10.6
IRIS_313-11328_IRIS_313-11328 8
IRIS_313-11329_IRIS_313-11329 9.8
IRIS_313-11330_IRIS_313-11330 10.3
IRIS_313-11331_IRIS_313-11331 8.9
IRIS_313-11335_IRIS_313-11335 8
IRIS_313-11336_IRIS_313-11336 8
IRIS_313-11337_IRIS_313-11337 7.8
IRIS_313-11338_IRIS_313-11338 9.1
IRIS_313-11339_IRIS_313-11339 7.6
IRIS_313-11340_IRIS_313-11340 9.1
IRIS_313-11341_IRIS_313-11341 8.6
IRIS_313-11343_IRIS_313-11343 10.4
IRIS_313-11344_IRIS_313-11344 9.2
IRIS_313-11345_IRIS_313-11345 8.6
IRIS_313-11346_IRIS_313-11346 8.7
IRIS_313-11347_IRIS_313-11347 9
IRIS_313-11348_IRIS_313-11348 9.3
IRIS_313-11349_IRIS_313-11349 9.8
IRIS_313-11350_IRIS_313-11350 6.8
IRIS_313-11351_IRIS_313-11351 9.4
IRIS_313-11352_IRIS_313-11352 7.8
IRIS_313-11353_IRIS_313-11353 8.6
IRIS_313-11354_IRIS_313-11354 7.1
IRIS_313-11355_IRIS_313-11355 8.4
IRIS_313-11357_IRIS_313-11357 9
IRIS_313-11358_IRIS_313-11358 7.8
IRIS_313-11359_IRIS_313-11359 9.8
IRIS_313-11360_IRIS_313-11360 8.2
IRIS_313-11361_IRIS_313-11361 9.1
IRIS_313-11362_IRIS_313-11362 6.7
IRIS_313-11363_IRIS_313-11363 9.2
IRIS_313-11364_IRIS_313-11364 7.4
IRIS_313-11365_IRIS_313-11365 8.8
IRIS_313-11367_IRIS_313-11367 8.8
IRIS_313-11368_IRIS_313-11368 8.8
IRIS_313-11369_IRIS_313-11369 9.9
IRIS_313-11370_IRIS_313-11370 9
IRIS_313-11371_IRIS_313-11371 8.8
IRIS_313-11372_IRIS_313-11372 10.8
IRIS_313-11373_IRIS_313-11373 9.1
IRIS_313-11374_IRIS_313-11374 10.5
IRIS_313-11375_IRIS_313-11375 7.8
IRIS_313-11376_IRIS_313-11376 9.1
IRIS_313-11377_IRIS_313-11377 7
IRIS_313-11379_IRIS_313-11379 8.2
IRIS_313-11380_IRIS_313-11380 6.9
IRIS_313-11381_IRIS_313-11381 8.4
IRIS_313-11383_IRIS_313-11383 9.1
IRIS_313-11384_IRIS_313-11384 6.8
IRIS_313-11385_IRIS_313-11385 9
IRIS_313-11386_IRIS_313-11386 10.3
IRIS_313-11388_IRIS_313-11388 10
IRIS_313-11390_IRIS_313-11390 10.4
IRIS_313-11391_IRIS_313-11391 9.6
IRIS_313-11392_IRIS_313-11392 9.7
IRIS_313-11393_IRIS_313-11393 10.8
IRIS_313-11394_IRIS_313-11394 9.6
IRIS_313-11395_IRIS_313-11395 8.2
IRIS_313-11396_IRIS_313-11396 10.4
IRIS_313-11397_IRIS_313-11397 8.6
IRIS_313-11398_IRIS_313-11398 8.9
IRIS_313-11402_IRIS_313-11402 8.4
IRIS_313-11403_IRIS_313-11403 9.6
IRIS_313-11404_IRIS_313-11404 6.1
IRIS_313-11405_IRIS_313-11405 7.8
IRIS_313-11406_IRIS_313-11406 10.1
IRIS_313-11407_IRIS_313-11407 7.9
IRIS_313-11408_IRIS_313-11408 8
IRIS_313-11409_IRIS_313-11409 10.2
IRIS_313-11410_IRIS_313-11410 7.9
IRIS_313-11411_IRIS_313-11411 7.6
IRIS_313-11413_IRIS_313-11413 7.5
IRIS_313-11414_IRIS_313-11414 8.8
IRIS_313-11416_IRIS_313-11416 8.6
IRIS_313-11417_IRIS_313-11417 9.6
IRIS_313-11418_IRIS_313-11418 10.7
IRIS_313-11420_IRIS_313-11420 9.3
IRIS_313-11421_IRIS_313-11421 7.1
IRIS_313-11422_IRIS_313-11422 7.9
IRIS_313-11423_IRIS_313-11423 8.6
IRIS_313-11424_IRIS_313-11424 8.1
IRIS_313-11425_IRIS_313-11425 9.7
IRIS_313-11426_IRIS_313-11426 7.7
IRIS_313-11427_IRIS_313-11427 10.1
IRIS_313-11428_IRIS_313-11428 10.6
IRIS_313-11429_IRIS_313-11429 8.2
IRIS_313-11431_IRIS_313-11431 9.7
IRIS_313-11432_IRIS_313-11432 8.7
IRIS_313-11433_IRIS_313-11433 8.2
IRIS_313-11434_IRIS_313-11434 9.8
IRIS_313-11435_IRIS_313-11435 9.5
IRIS_313-11436_IRIS_313-11436 9.4
IRIS_313-11437_IRIS_313-11437 10.1
IRIS_313-11438_IRIS_313-11438 9.9
IRIS_313-11439_IRIS_313-11439 8.9
IRIS_313-11441_IRIS_313-11441 9.5
IRIS_313-11442_IRIS_313-11442 9.2
IRIS_313-11443_IRIS_313-11443 8.6
IRIS_313-11445_IRIS_313-11445 8.2
IRIS_313-11446_IRIS_313-11446 8.3
IRIS_313-11447_IRIS_313-11447 9.1
IRIS_313-11448_IRIS_313-11448 8.2
IRIS_313-11449_IRIS_313-11449 7.8
IRIS_313-11451_IRIS_313-11451 8.3
IRIS_313-11452_IRIS_313-11452 9.8
IRIS_313-11453_IRIS_313-11453 8.1
IRIS_313-11454_IRIS_313-11454 9.2
IRIS_313-11455_IRIS_313-11455 7.6
IRIS_313-11456_IRIS_313-11456 9.1
IRIS_313-11458_IRIS_313-11458 8.2
IRIS_313-11460_IRIS_313-11460 8
IRIS_313-11461_IRIS_313-11461 9.1
IRIS_313-11462_IRIS_313-11462 8.4
IRIS_313-11463_IRIS_313-11463 9
IRIS_313-11464_IRIS_313-11464 9.6
IRIS_313-11465_IRIS_313-11465 8.4
IRIS_313-11467_IRIS_313-11467 10.1
IRIS_313-11471_IRIS_313-11471 8.7
IRIS_313-11473_IRIS_313-11473 8.1
IRIS_313-11476_IRIS_313-11476 7.8
IRIS_313-11477_IRIS_313-11477 9.1
IRIS_313-11478_IRIS_313-11478 9.2
IRIS_313-11479_IRIS_313-11479 7.4
IRIS_313-11480_IRIS_313-11480 9.5
IRIS_313-11481_IRIS_313-11481 9.5
IRIS_313-11482_IRIS_313-11482 8.8
IRIS_313-11483_IRIS_313-11483 8
IRIS_313-11484_IRIS_313-11484 8.6
IRIS_313-11486_IRIS_313-11486 7.9
IRIS_313-11487_IRIS_313-11487 9.1
IRIS_313-11489_IRIS_313-11489 9.2
IRIS_313-11490_IRIS_313-11490 9
IRIS_313-11491_IRIS_313-11491 8.5
IRIS_313-11492_IRIS_313-11492 8.5
IRIS_313-11493_IRIS_313-11493 7.8
IRIS_313-11494_IRIS_313-11494 7.8
IRIS_313-11495_IRIS_313-11495 8.7
IRIS_313-11496_IRIS_313-11496 9.2
IRIS_313-11497_IRIS_313-11497 9.3
IRIS_313-11498_IRIS_313-11498 9.5
IRIS_313-11499_IRIS_313-11499 8.4
IRIS_313-11500_IRIS_313-11500 9.9
IRIS_313-11505_IRIS_313-11505 8.6
IRIS_313-11506_IRIS_313-11506 7.6
IRIS_313-11507_IRIS_313-11507 10.1
IRIS_313-11508_IRIS_313-11508 9.4
IRIS_313-11509_IRIS_313-11509 11
IRIS_313-11510_IRIS_313-11510 10
IRIS_313-11511_IRIS_313-11511 9.8
IRIS_313-11512_IRIS_313-11512 10.5
IRIS_313-11513_IRIS_313-11513 8.2
IRIS_313-11515_IRIS_313-11515 11.2
IRIS_313-11516_IRIS_313-11516 9.5
IRIS_313-11517_IRIS_313-11517 10
IRIS_313-11521_IRIS_313-11521 8.4
IRIS_313-11522_IRIS_313-11522 7.8
IRIS_313-11523_IRIS_313-11523 7.6
IRIS_313-11524_IRIS_313-11524 8.9
IRIS_313-11525_IRIS_313-11525 10.4
IRIS_313-11526_IRIS_313-11526 8.8
IRIS_313-11527_IRIS_313-11527 9.4
IRIS_313-11528_IRIS_313-11528 9.6
IRIS_313-11530_IRIS_313-11530 10.5
IRIS_313-11532_IRIS_313-11532 8.9
IRIS_313-11535_IRIS_313-11535 8.2
IRIS_313-11536_IRIS_313-11536 9.6
IRIS_313-11537_IRIS_313-11537 8.2
IRIS_313-11538_IRIS_313-11538 7.6
IRIS_313-11539_IRIS_313-11539 8.7
IRIS_313-11540_IRIS_313-11540 9.3
IRIS_313-11541_IRIS_313-11541 8.6
IRIS_313-11542_IRIS_313-11542 7.9
IRIS_313-11543_IRIS_313-11543 8.7
IRIS_313-11545_IRIS_313-11545 10.1
IRIS_313-11546_IRIS_313-11546 8.7
IRIS_313-11547_IRIS_313-11547 8.9
IRIS_313-11548_IRIS_313-11548 8.3
IRIS_313-11549_IRIS_313-11549 9.1
IRIS_313-11551_IRIS_313-11551 8.2
IRIS_313-11554_IRIS_313-11554 8.4
IRIS_313-11555_IRIS_313-11555 8.1
IRIS_313-11556_IRIS_313-11556 8.1
IRIS_313-11557_IRIS_313-11557 8.6
IRIS_313-11558_IRIS_313-11558 9.7
IRIS_313-11561_IRIS_313-11561 9.5
IRIS_313-11563_IRIS_313-11563 8.6
IRIS_313-11564_IRIS_313-11564 7.4
IRIS_313-11565_IRIS_313-11565 8.4
IRIS_313-11567_IRIS_313-11567 8.6
IRIS_313-11568_IRIS_313-11568 8.4
IRIS_313-11570_IRIS_313-11570 8.9
IRIS_313-11571_IRIS_313-11571 8.2
IRIS_313-11572_IRIS_313-11572 8.5
IRIS_313-11573_IRIS_313-11573 8.2
IRIS_313-11574_IRIS_313-11574 8.6
IRIS_313-11575_IRIS_313-11575 8
IRIS_313-11576_IRIS_313-11576 9
IRIS_313-11577_IRIS_313-11577 9.8
IRIS_313-11578_IRIS_313-11578 8.1
IRIS_313-11579_IRIS_313-11579 6.7
IRIS_313-11580_IRIS_313-11580 8.6
IRIS_313-11582_IRIS_313-11582 7.8
IRIS_313-11584_IRIS_313-11584 8.4
IRIS_313-11585_IRIS_313-11585 7.2
IRIS_313-11586_IRIS_313-11586 8.2
IRIS_313-11588_IRIS_313-11588 7.8
IRIS_313-11591_IRIS_313-11591 8.6
IRIS_313-11594_IRIS_313-11594 7.5
IRIS_313-11595_IRIS_313-11595 7.8
IRIS_313-11596_IRIS_313-11596 6.2
IRIS_313-11597_IRIS_313-11597 7.5
IRIS_313-11598_IRIS_313-11598 8.9
IRIS_313-11599_IRIS_313-11599 9.2
IRIS_313-11600_IRIS_313-11600 7.8
IRIS_313-11602_IRIS_313-11602 7.8
IRIS_313-11603_IRIS_313-11603 8.2
IRIS_313-11604_IRIS_313-11604 8.9
IRIS_313-11606_IRIS_313-11606 7.6
IRIS_313-11607_IRIS_313-11607 8.6
IRIS_313-11609_IRIS_313-11609 8.1
IRIS_313-11611_IRIS_313-11611 8.8
IRIS_313-11615_IRIS_313-11615 7.2
IRIS_313-11616_IRIS_313-11616 7.7
IRIS_313-11617_IRIS_313-11617 7.9
IRIS_313-11618_IRIS_313-11618 9.2
IRIS_313-11619_IRIS_313-11619 7.9
IRIS_313-11620_IRIS_313-11620 8.8
IRIS_313-11621_IRIS_313-11621 8.1
IRIS_313-11622_IRIS_313-11622 7
IRIS_313-11623_IRIS_313-11623 8.7
IRIS_313-11624_IRIS_313-11624 8.9
IRIS_313-11625_IRIS_313-11625 8.2
IRIS_313-11626_IRIS_313-11626 6.8
IRIS_313-11627_IRIS_313-11627 7.2
IRIS_313-11628_IRIS_313-11628 7.2
IRIS_313-11629_IRIS_313-11629 8.6
IRIS_313-11630_IRIS_313-11630 7.9
IRIS_313-11632_IRIS_313-11632 7.1
IRIS_313-11635_IRIS_313-11635 9
IRIS_313-11636_IRIS_313-11636 8.3
IRIS_313-11638_IRIS_313-11638 9.1
IRIS_313-11639_IRIS_313-11639 8
IRIS_313-11640_IRIS_313-11640 8.3
IRIS_313-11641_IRIS_313-11641 6.8
IRIS_313-11642_IRIS_313-11642 8.1
IRIS_313-11643_IRIS_313-11643 9.7
IRIS_313-11644_IRIS_313-11644 8.2
IRIS_313-11645_IRIS_313-11645 8.8
IRIS_313-11646_IRIS_313-11646 9.7
IRIS_313-11647_IRIS_313-11647 7.7
IRIS_313-11648_IRIS_313-11648 7
IRIS_313-11650_IRIS_313-11650 8.8
IRIS_313-11651_IRIS_313-11651 7.5
IRIS_313-11652_IRIS_313-11652 7.6
IRIS_313-11653_IRIS_313-11653 7
IRIS_313-11654_IRIS_313-11654 7.3
IRIS_313-11655_IRIS_313-11655 7.8
IRIS_313-11656_IRIS_313-11656 8.7
IRIS_313-11658_IRIS_313-11658 8.9
IRIS_313-11659_IRIS_313-11659 8.2
IRIS_313-11660_IRIS_313-11660 9.5
IRIS_313-11661_IRIS_313-11661 8.9
IRIS_313-11663_IRIS_313-11663 8.9
IRIS_313-11664_IRIS_313-11664 9.8
IRIS_313-11665_IRIS_313-11665 9
IRIS_313-11666_IRIS_313-11666 9.2
IRIS_313-11667_IRIS_313-11667 8.9
IRIS_313-11668_IRIS_313-11668 8.5
IRIS_313-11669_IRIS_313-11669 8.3
IRIS_313-11671_IRIS_313-11671 9
IRIS_313-11672_IRIS_313-11672 6.7
IRIS_313-11673_IRIS_313-11673 7.4
IRIS_313-11674_IRIS_313-11674 8.9
IRIS_313-11676_IRIS_313-11676 8.9
IRIS_313-11677_IRIS_313-11677 9.3
IRIS_313-11678_IRIS_313-11678 9.8
IRIS_313-11679_IRIS_313-11679 10.2
IRIS_313-11680_IRIS_313-11680 9.4
IRIS_313-11681_IRIS_313-11681 9.1
IRIS_313-11682_IRIS_313-11682 9.9
IRIS_313-11683_IRIS_313-11683 8.8
IRIS_313-11684_IRIS_313-11684 8.6
IRIS_313-11685_IRIS_313-11685 8.9
IRIS_313-11686_IRIS_313-11686 10.5
IRIS_313-11687_IRIS_313-11687 9.5
IRIS_313-11688_IRIS_313-11688 7.6
IRIS_313-11689_IRIS_313-11689 7.1
IRIS_313-11690_IRIS_313-11690 7.7
IRIS_313-11691_IRIS_313-11691 7.9
IRIS_313-11692_IRIS_313-11692 7.2
IRIS_313-11693_IRIS_313-11693 6.9
IRIS_313-11694_IRIS_313-11694 7.1
IRIS_313-11695_IRIS_313-11695 8.3
IRIS_313-11698_IRIS_313-11698 7.1
IRIS_313-11700_IRIS_313-11700 9.5
IRIS_313-11702_IRIS_313-11702 7.7
IRIS_313-11705_IRIS_313-11705 9.2
IRIS_313-11706_IRIS_313-11706 6.1
IRIS_313-11707_IRIS_313-11707 9.3
IRIS_313-11708_IRIS_313-11708 9.3
IRIS_313-11709_IRIS_313-11709 9.4
IRIS_313-11710_IRIS_313-11710 9.8
IRIS_313-11711_IRIS_313-11711 9.3
IRIS_313-11712_IRIS_313-11712 9.1
IRIS_313-11713_IRIS_313-11713 9.6
IRIS_313-11714_IRIS_313-11714 9.9
IRIS_313-11716_IRIS_313-11716 9.5
IRIS_313-11717_IRIS_313-11717 8.8
IRIS_313-11719_IRIS_313-11719 10.3
IRIS_313-11720_IRIS_313-11720 9.5
IRIS_313-11721_IRIS_313-11721 8.7
IRIS_313-11722_IRIS_313-11722 8.2
IRIS_313-11723_IRIS_313-11723 10.8
IRIS_313-11724_IRIS_313-11724 6.2
IRIS_313-11725_IRIS_313-11725 7.7
IRIS_313-11726_IRIS_313-11726 7.3
IRIS_313-11727_IRIS_313-11727 7.7
IRIS_313-11728_IRIS_313-11728 10.1
IRIS_313-11729_IRIS_313-11729 7.9
IRIS_313-11730_IRIS_313-11730 7.1
IRIS_313-11731_IRIS_313-11731 9.7
IRIS_313-11732_IRIS_313-11732 7.5
IRIS_313-11733_IRIS_313-11733 7.8
IRIS_313-11734_IRIS_313-11734 8.1
IRIS_313-11735_IRIS_313-11735 8.2
IRIS_313-11736_IRIS_313-11736 7.7
IRIS_313-11737_IRIS_313-11737 6.7
IRIS_313-11738_IRIS_313-11738 8.4
IRIS_313-11739_IRIS_313-11739 9.2
IRIS_313-11740_IRIS_313-11740 8
IRIS_313-11741_IRIS_313-11741 8.6
IRIS_313-11742_IRIS_313-11742 7.7
IRIS_313-11743_IRIS_313-11743 9
IRIS_313-11744_IRIS_313-11744 8.9
IRIS_313-11745_IRIS_313-11745 8.1
IRIS_313-11746_IRIS_313-11746 8.7
IRIS_313-11747_IRIS_313-11747 8.9
IRIS_313-11748_IRIS_313-11748 8.7
IRIS_313-11750_IRIS_313-11750 8.6
IRIS_313-11751_IRIS_313-11751 9.6
IRIS_313-11752_IRIS_313-11752 8.4
IRIS_313-11753_IRIS_313-11753 8.8
IRIS_313-11754_IRIS_313-11754 9.8
IRIS_313-11755_IRIS_313-11755 9.4
IRIS_313-11756_IRIS_313-11756 8.7
IRIS_313-11757_IRIS_313-11757 7.7
IRIS_313-11758_IRIS_313-11758 8
IRIS_313-11759_IRIS_313-11759 8.8
IRIS_313-11760_IRIS_313-11760 9
IRIS_313-11761_IRIS_313-11761 10.2
IRIS_313-11762_IRIS_313-11762 9
IRIS_313-11763_IRIS_313-11763 8.7
IRIS_313-11764_IRIS_313-11764 7.5
IRIS_313-11765_IRIS_313-11765 6.5
IRIS_313-11766_IRIS_313-11766 9.6
IRIS_313-11767_IRIS_313-11767 11.3
IRIS_313-11772_IRIS_313-11772 9.2
IRIS_313-11773_IRIS_313-11773 8.7
IRIS_313-11779_IRIS_313-11779 9.2
IRIS_313-11780_IRIS_313-11780 10.6
IRIS_313-11782_IRIS_313-11782 10.1
IRIS_313-11783_IRIS_313-11783 9.2
IRIS_313-11784_IRIS_313-11784 9.7
IRIS_313-11785_IRIS_313-11785 9.5
IRIS_313-11786_IRIS_313-11786 10.6
IRIS_313-11787_IRIS_313-11787 8.9
IRIS_313-11788_IRIS_313-11788 7.9
IRIS_313-11789_IRIS_313-11789 10.2
IRIS_313-11790_IRIS_313-11790 8.2
IRIS_313-11791_IRIS_313-11791 9.6
IRIS_313-11792_IRIS_313-11792 8.7
IRIS_313-11793_IRIS_313-11793 9.8
IRIS_313-11794_IRIS_313-11794 10.1
IRIS_313-11795_IRIS_313-11795 8.1
IRIS_313-11796_IRIS_313-11796 8.3
IRIS_313-11797_IRIS_313-11797 10
IRIS_313-11798_IRIS_313-11798 9.1
IRIS_313-11799_IRIS_313-11799 9
IRIS_313-11800_IRIS_313-11800 8
IRIS_313-11801_IRIS_313-11801 9
IRIS_313-11802_IRIS_313-11802 8.6
IRIS_313-11803_IRIS_313-11803 7.8
IRIS_313-11804_IRIS_313-11804 8.1
IRIS_313-11805_IRIS_313-11805 8.8
IRIS_313-11806_IRIS_313-11806 8.1
IRIS_313-11807_IRIS_313-11807 9.6
IRIS_313-11808_IRIS_313-11808 10.2
IRIS_313-11809_IRIS_313-11809 10.5
IRIS_313-11810_IRIS_313-11810 9.9
IRIS_313-11811_IRIS_313-11811 9.1
IRIS_313-11812_IRIS_313-11812 10.2
IRIS_313-11813_IRIS_313-11813 9.8
IRIS_313-11814_IRIS_313-11814 11.2
IRIS_313-11815_IRIS_313-11815 9.8
IRIS_313-11816_IRIS_313-11816 7.8
IRIS_313-11817_IRIS_313-11817 9.7
IRIS_313-11818_IRIS_313-11818 8
IRIS_313-11819_IRIS_313-11819 9.5
IRIS_313-11820_IRIS_313-11820 10.1
IRIS_313-11821_IRIS_313-11821 7.1
IRIS_313-11822_IRIS_313-11822 9.1
IRIS_313-11823_IRIS_313-11823 9.6
IRIS_313-11824_IRIS_313-11824 8.9
IRIS_313-11825_IRIS_313-11825 9.5
IRIS_313-11826_IRIS_313-11826 6.2
IRIS_313-11828_IRIS_313-11828 8.5
IRIS_313-11829_IRIS_313-11829 7.3
IRIS_313-11830_IRIS_313-11830 7.7
IRIS_313-11831_IRIS_313-11831 11.3
IRIS_313-11832_IRIS_313-11832 9.3
IRIS_313-11833_IRIS_313-11833 8.2
IRIS_313-11834_IRIS_313-11834 10
IRIS_313-11835_IRIS_313-11835 9.9
IRIS_313-11836_IRIS_313-11836 9.1
IRIS_313-11837_IRIS_313-11837 11
IRIS_313-11838_IRIS_313-11838 8.7
IRIS_313-11839_IRIS_313-11839 9.6
IRIS_313-11840_IRIS_313-11840 10.2
IRIS_313-11841_IRIS_313-11841 10.4
IRIS_313-11843_IRIS_313-11843 7.6
IRIS_313-11844_IRIS_313-11844 8.7
IRIS_313-11845_IRIS_313-11845 10.3
IRIS_313-11846_IRIS_313-11846 9.2
IRIS_313-11848_IRIS_313-11848 9.5
IRIS_313-11849_IRIS_313-11849 10.1
IRIS_313-11850_IRIS_313-11850 7.8
IRIS_313-11851_IRIS_313-11851 9.5
IRIS_313-11852_IRIS_313-11852 8.3
IRIS_313-11853_IRIS_313-11853 7.7
IRIS_313-11854_IRIS_313-11854 7.7
IRIS_313-11855_IRIS_313-11855 7.1
IRIS_313-11856_IRIS_313-11856 7.9
IRIS_313-11857_IRIS_313-11857 7.6
IRIS_313-11858_IRIS_313-11858 7.9
IRIS_313-11859_IRIS_313-11859 8.4
IRIS_313-11860_IRIS_313-11860 8
IRIS_313-11861_IRIS_313-11861 8
IRIS_313-11862_IRIS_313-11862 8.1
IRIS_313-11863_IRIS_313-11863 8
IRIS_313-11865_IRIS_313-11865 7.5
IRIS_313-11866_IRIS_313-11866 7.6
IRIS_313-11867_IRIS_313-11867 8.4
IRIS_313-11868_IRIS_313-11868 8.3
IRIS_313-11869_IRIS_313-11869 7.7
IRIS_313-11870_IRIS_313-11870 8.3
IRIS_313-11871_IRIS_313-11871 8.1
IRIS_313-11872_IRIS_313-11872 8.4
IRIS_313-11875_IRIS_313-11875 7.3
IRIS_313-11876_IRIS_313-11876 9.2
IRIS_313-11877_IRIS_313-11877 9.5
IRIS_313-11878_IRIS_313-11878 8.3
IRIS_313-11881_IRIS_313-11881 8.7
IRIS_313-11882_IRIS_313-11882 8.6
IRIS_313-11884_IRIS_313-11884 8.7
IRIS_313-11885_IRIS_313-11885 8.3
IRIS_313-11886_IRIS_313-11886 9.2
IRIS_313-11887_IRIS_313-11887 8.9
IRIS_313-11888_IRIS_313-11888 10.6
IRIS_313-11889_IRIS_313-11889 9.8
IRIS_313-11890_IRIS_313-11890 7.6
IRIS_313-11892_IRIS_313-11892 8.7
IRIS_313-11893_IRIS_313-11893 8.7
IRIS_313-11894_IRIS_313-11894 9
IRIS_313-11895_IRIS_313-11895 6.2
IRIS_313-11896_IRIS_313-11896 7.6
IRIS_313-11897_IRIS_313-11897 8.9
IRIS_313-11898_IRIS_313-11898 9.2
IRIS_313-11899_IRIS_313-11899 9.9
IRIS_313-11900_IRIS_313-11900 10.8
IRIS_313-11901_IRIS_313-11901 6.2
IRIS_313-11902_IRIS_313-11902 8
IRIS_313-11903_IRIS_313-11903 8.4
IRIS_313-11904_IRIS_313-11904 8.2
IRIS_313-11905_IRIS_313-11905 8.3
IRIS_313-11906_IRIS_313-11906 9.4
IRIS_313-11907_IRIS_313-11907 8.9
IRIS_313-11908_IRIS_313-11908 8
IRIS_313-11909_IRIS_313-11909 8.1
IRIS_313-11910_IRIS_313-11910 8.8
IRIS_313-11911_IRIS_313-11911 8.4
IRIS_313-11912_IRIS_313-11912 8.4
IRIS_313-11913_IRIS_313-11913 9.3
IRIS_313-11914_IRIS_313-11914 10.7
IRIS_313-11915_IRIS_313-11915 8.2
IRIS_313-11916_IRIS_313-11916 8.5
IRIS_313-11917_IRIS_313-11917 6.3
IRIS_313-11918_IRIS_313-11918 8.2
IRIS_313-11919_IRIS_313-11919 8.6
IRIS_313-11920_IRIS_313-11920 10.1
IRIS_313-11921_IRIS_313-11921 9.8
IRIS_313-11922_IRIS_313-11922 9.8
IRIS_313-11923_IRIS_313-11923 12.4
IRIS_313-11924_IRIS_313-11924 10.1
IRIS_313-11925_IRIS_313-11925 9.8
IRIS_313-11926_IRIS_313-11926 11.5
IRIS_313-11927_IRIS_313-11927 10.1
IRIS_313-11928_IRIS_313-11928 7.6
IRIS_313-11929_IRIS_313-11929 9
IRIS_313-11930_IRIS_313-11930 9.5
IRIS_313-11932_IRIS_313-11932 9.9
IRIS_313-11934_IRIS_313-11934 9.6
IRIS_313-11935_IRIS_313-11935 6.6
IRIS_313-11937_IRIS_313-11937 8
IRIS_313-11938_IRIS_313-11938 7.9
IRIS_313-11939_IRIS_313-11939 9.8
IRIS_313-11940_IRIS_313-11940 8.5
IRIS_313-11941_IRIS_313-11941 9.1
IRIS_313-11943_IRIS_313-11943 8.1
IRIS_313-11944_IRIS_313-11944 8.6
IRIS_313-11945_IRIS_313-11945 7.1
IRIS_313-11947_IRIS_313-11947 8.7
IRIS_313-11948_IRIS_313-11948 8
IRIS_313-11949_IRIS_313-11949 8.2
IRIS_313-11950_IRIS_313-11950 7.7
IRIS_313-11951_IRIS_313-11951 8.8
IRIS_313-11952_IRIS_313-11952 8.2
IRIS_313-11953_IRIS_313-11953 8.4
IRIS_313-11954_IRIS_313-11954 7.9
IRIS_313-11955_IRIS_313-11955 7.7
IRIS_313-11956_IRIS_313-11956 7.8
IRIS_313-11957_IRIS_313-11957 8.8
IRIS_313-11959_IRIS_313-11959 8.6
IRIS_313-11960_IRIS_313-11960 9.4
IRIS_313-11961_IRIS_313-11961 10.3
IRIS_313-11962_IRIS_313-11962 9.9
IRIS_313-11963_IRIS_313-11963 7.9
IRIS_313-11964_IRIS_313-11964 7.9
IRIS_313-11965_IRIS_313-11965 7.7
IRIS_313-11966_IRIS_313-11966 8.4
IRIS_313-11967_IRIS_313-11967 7.8
IRIS_313-11968_IRIS_313-11968 7.9
IRIS_313-11969_IRIS_313-11969 10.3
IRIS_313-11970_IRIS_313-11970 8.6
IRIS_313-11971_IRIS_313-11971 10.9
IRIS_313-11973_IRIS_313-11973 6.8
IRIS_313-11974_IRIS_313-11974 7.5
IRIS_313-11976_IRIS_313-11976 7.6
IRIS_313-11977_IRIS_313-11977 7.6
IRIS_313-11978_IRIS_313-11978 9.2
IRIS_313-11979_IRIS_313-11979 9.1
IRIS_313-11980_IRIS_313-11980 6.3
IRIS_313-11981_IRIS_313-11981 7.3
IRIS_313-11982_IRIS_313-11982 7.7
IRIS_313-11983_IRIS_313-11983 9.3
IRIS_313-11985_IRIS_313-11985 7.8
IRIS_313-11986_IRIS_313-11986 7.3
IRIS_313-11987_IRIS_313-11987 8.6
IRIS_313-11988_IRIS_313-11988 7.5
IRIS_313-11989_IRIS_313-11989 7.4
IRIS_313-11990_IRIS_313-11990 8.5
IRIS_313-11991_IRIS_313-11991 10.4
IRIS_313-11992_IRIS_313-11992 10.4
IRIS_313-11993_IRIS_313-11993 10.7
IRIS_313-11994_IRIS_313-11994 8.8
IRIS_313-11995_IRIS_313-11995 9.2
IRIS_313-11996_IRIS_313-11996 8.8
IRIS_313-11997_IRIS_313-11997 7.3
IRIS_313-11998_IRIS_313-11998 8
IRIS_313-11999_IRIS_313-11999 8.1
IRIS_313-12000_IRIS_313-12000 7.8
IRIS_313-12002_IRIS_313-12002 7.7
IRIS_313-12003_IRIS_313-12003 7.3
IRIS_313-12004_IRIS_313-12004 8.6
IRIS_313-12005_IRIS_313-12005 8.5
IRIS_313-12006_IRIS_313-12006 8.6
IRIS_313-12007_IRIS_313-12007 8
IRIS_313-12009_IRIS_313-12009 7.7
IRIS_313-12010_IRIS_313-12010 8.2
IRIS_313-12011_IRIS_313-12011 8.4
IRIS_313-12012_IRIS_313-12012 8.5
IRIS_313-12013_IRIS_313-12013 9
IRIS_313-12014_IRIS_313-12014 10.3
IRIS_313-12015_IRIS_313-12015 9.3
IRIS_313-12016_IRIS_313-12016 9
IRIS_313-12017_IRIS_313-12017 7.9
IRIS_313-12018_IRIS_313-12018 9.2
IRIS_313-12021_IRIS_313-12021 9.5
IRIS_313-12024_IRIS_313-12024 9.5
IRIS_313-12027_IRIS_313-12027 9.1
IRIS_313-12028_IRIS_313-12028 10
IRIS_313-12029_IRIS_313-12029 9.4
IRIS_313-12030_IRIS_313-12030 9.8
IRIS_313-12031_IRIS_313-12031 9.1
IRIS_313-12033_IRIS_313-12033 8
IRIS_313-12036_IRIS_313-12036 8.4
IRIS_313-12037_IRIS_313-12037 8.5
IRIS_313-12038_IRIS_313-12038 7.3
IRIS_313-12039_IRIS_313-12039 10.2
IRIS_313-12040_IRIS_313-12040 7.6
IRIS_313-12041_IRIS_313-12041 7.7
IRIS_313-12042_IRIS_313-12042 7.9
IRIS_313-12043_IRIS_313-12043 8.2
IRIS_313-12044_IRIS_313-12044 8.2
IRIS_313-12046_IRIS_313-12046 7.8
IRIS_313-12047_IRIS_313-12047 7.1
IRIS_313-12048_IRIS_313-12048 7.1
IRIS_313-12049_IRIS_313-12049 7.7
IRIS_313-12050_IRIS_313-12050 9.4
IRIS_313-12051_IRIS_313-12051 9.9
IRIS_313-12052_IRIS_313-12052 8.5
IRIS_313-12053_IRIS_313-12053 7.7
IRIS_313-12054_IRIS_313-12054 7.5
IRIS_313-12055_IRIS_313-12055 6.1
IRIS_313-12057_IRIS_313-12057 7.6
IRIS_313-12058_IRIS_313-12058 6.8
IRIS_313-12059_IRIS_313-12059 6.6
IRIS_313-12060_IRIS_313-12060 7
IRIS_313-12061_IRIS_313-12061 6.2
IRIS_313-12063_IRIS_313-12063 9.3
IRIS_313-12065_IRIS_313-12065 8.4
IRIS_313-12066_IRIS_313-12066 7.3
IRIS_313-12067_IRIS_313-12067 8.3
IRIS_313-12068_IRIS_313-12068 9.2
IRIS_313-12069_IRIS_313-12069 9
IRIS_313-12070_IRIS_313-12070 9.2
IRIS_313-12071_IRIS_313-12071 9.1
IRIS_313-12072_IRIS_313-12072 8.4
IRIS_313-12073_IRIS_313-12073 7.4
IRIS_313-12074_IRIS_313-12074 6.9
IRIS_313-12076_IRIS_313-12076 8.6
IRIS_313-12077_IRIS_313-12077 8.3
IRIS_313-12078_IRIS_313-12078 7.3
IRIS_313-12080_IRIS_313-12080 7.7
IRIS_313-12081_IRIS_313-12081 6.7
IRIS_313-12082_IRIS_313-12082 9.7
IRIS_313-12083_IRIS_313-12083 8.2
IRIS_313-12093_IRIS_313-12093 7.5
IRIS_313-12094_IRIS_313-12094 4.7
IRIS_313-12096_IRIS_313-12096 6.6
IRIS_313-12097_IRIS_313-12097 7
IRIS_313-12101_IRIS_313-12101 6.2
IRIS_313-12102_IRIS_313-12102 7.4
IRIS_313-12109_IRIS_313-12109 6.4
IRIS_313-12118_IRIS_313-12118 6
IRIS_313-12121_IRIS_313-12121 7.1
IRIS_313-12127_IRIS_313-12127 6.7
IRIS_313-12128_IRIS_313-12128 7.6
IRIS_313-12129_IRIS_313-12129 7
IRIS_313-12130_IRIS_313-12130 6.5
IRIS_313-12131_IRIS_313-12131 7.4
IRIS_313-12133_IRIS_313-12133 7.5
IRIS_313-12134_IRIS_313-12134 7
IRIS_313-12135_IRIS_313-12135 6.7
IRIS_313-12138_IRIS_313-12138 6.5
IRIS_313-12139_IRIS_313-12139 6.4
IRIS_313-12141_IRIS_313-12141 6
IRIS_313-12142_IRIS_313-12142 5.9
IRIS_313-12143_IRIS_313-12143 6
IRIS_313-12144_IRIS_313-12144 6
IRIS_313-12146_IRIS_313-12146 8.2
IRIS_313-12147_IRIS_313-12147 6.2
IRIS_313-12148_IRIS_313-12148 5.8
IRIS_313-12151_IRIS_313-12151 6.6
IRIS_313-12152_IRIS_313-12152 6.8
IRIS_313-12161_IRIS_313-12161 6.3
IRIS_313-12164_IRIS_313-12164 6.2
IRIS_313-12180_IRIS_313-12180 9.5
IRIS_313-12182_IRIS_313-12182 9
IRIS_313-12183_IRIS_313-12183 7.4
IRIS_313-12185_IRIS_313-12185 9.2
IRIS_313-12186_IRIS_313-12186 9.8
IRIS_313-12187_IRIS_313-12187 9.9
IRIS_313-12188_IRIS_313-12188 9.6
IRIS_313-12190_IRIS_313-12190 10.1
IRIS_313-12193_IRIS_313-12193 9.9
IRIS_313-12194_IRIS_313-12194 9.5
IRIS_313-12200_IRIS_313-12200 9.2
IRIS_313-12207_IRIS_313-12207 8.4
IRIS_313-12210_IRIS_313-12210 7
IRIS_313-12217_IRIS_313-12217 6.8
IRIS_313-12220_IRIS_313-12220 7.8
IRIS_313-12221_IRIS_313-12221 8
IRIS_313-12222_IRIS_313-12222 8.5
IRIS_313-12224_IRIS_313-12224 9.3
IRIS_313-12225_IRIS_313-12225 8.5
IRIS_313-12226_IRIS_313-12226 10.3
IRIS_313-12227_IRIS_313-12227 8.3
IRIS_313-12228_IRIS_313-12228 9.3
IRIS_313-12229_IRIS_313-12229 9.8
IRIS_313-12231_IRIS_313-12231 7.8
IRIS_313-12232_IRIS_313-12232 7.5
IRIS_313-12234_IRIS_313-12234 7.9
IRIS_313-12236_IRIS_313-12236 8
IRIS_313-12237_IRIS_313-12237 7.7
IRIS_313-12240_IRIS_313-12240 9.1
IRIS_313-12241_IRIS_313-12241 8.3
IRIS_313-12242_IRIS_313-12242 9.6
IRIS_313-12244_IRIS_313-12244 8.1
IRIS_313-12246_IRIS_313-12246 9.1
IRIS_313-12247_IRIS_313-12247 8.9
IRIS_313-12249_IRIS_313-12249 8.9
IRIS_313-12251_IRIS_313-12251 7.8
IRIS_313-12252_IRIS_313-12252 8.6
IRIS_313-12254_IRIS_313-12254 10.6
IRIS_313-12257_IRIS_313-12257 9.8
IRIS_313-12258_IRIS_313-12258 8.5
IRIS_313-12259_IRIS_313-12259 9.3
IRIS_313-12260_IRIS_313-12260 9.4
IRIS_313-12261_IRIS_313-12261 9.6
IRIS_313-12262_IRIS_313-12262 10.4
IRIS_313-12263_IRIS_313-12263 10.2
IRIS_313-12265_IRIS_313-12265 9.9
IRIS_313-12266_IRIS_313-12266 8.4
IRIS_313-12268_IRIS_313-12268 8.5
IRIS_313-12269_IRIS_313-12269 7.8
IRIS_313-12270_IRIS_313-12270 8.2
IRIS_313-12271_IRIS_313-12271 8
IRIS_313-12272_IRIS_313-12272 7.8
IRIS_313-12273_IRIS_313-12273 7.9
IRIS_313-12275_IRIS_313-12275 9.3
IRIS_313-12278_IRIS_313-12278 7.8
IRIS_313-12279_IRIS_313-12279 9.6
IRIS_313-12280_IRIS_313-12280 8.6
IRIS_313-12281_IRIS_313-12281 8.9
IRIS_313-12282_IRIS_313-12282 9.8
IRIS_313-12283_IRIS_313-12283 8.6
IRIS_313-12284_IRIS_313-12284 7.4
IRIS_313-12285_IRIS_313-12285 9
IRIS_313-12286_IRIS_313-12286 9.3
IRIS_313-12287_IRIS_313-12287 9.7
IRIS_313-12288_IRIS_313-12288 7.6
IRIS_313-12289_IRIS_313-12289 9.8
IRIS_313-12290_IRIS_313-12290 8.3
IRIS_313-12291_IRIS_313-12291 8.7
IRIS_313-12292_IRIS_313-12292 9
IRIS_313-12296_IRIS_313-12296 8.1
IRIS_313-12297_IRIS_313-12297 8.7
IRIS_313-12299_IRIS_313-12299 10.9
IRIS_313-12300_IRIS_313-12300 8.6
IRIS_313-12301_IRIS_313-12301 8.7
IRIS_313-12302_IRIS_313-12302 9.3
IRIS_313-12303_IRIS_313-12303 9.4
IRIS_313-12305_IRIS_313-12305 8.1
IRIS_313-12307_IRIS_313-12307 9.5
IRIS_313-12308_IRIS_313-12308 9.2
IRIS_313-12309_IRIS_313-12309 10.4
IRIS_313-12311_IRIS_313-12311 10.2
IRIS_313-12312_IRIS_313-12312 8.9
IRIS_313-12313_IRIS_313-12313 8.7
IRIS_313-12319_IRIS_313-12319 9.1
IRIS_313-12321_IRIS_313-12321 8.4
IRIS_313-12322_IRIS_313-12322 9
IRIS_313-12323_IRIS_313-12323 10.9
IRIS_313-12324_IRIS_313-12324 10.6
IRIS_313-12325_IRIS_313-12325 7.4
IRIS_313-12329_IRIS_313-12329 8.3
IRIS_313-12330_IRIS_313-12330 9.6
IRIS_313-12332_IRIS_313-12332 11.2
IRIS_313-12334_IRIS_313-12334 10.7
IRIS_313-12336_IRIS_313-12336 9.7
IRIS_313-12337_IRIS_313-12337 11.7
IRIS_313-12340_IRIS_313-12340 10.5
IRIS_313-12341_IRIS_313-12341 12.4
IRIS_313-12342_IRIS_313-12342 9.6
IRIS_313-12345_IRIS_313-12345 10.5
IRIS_313-12346_IRIS_313-12346 10.7
IRIS_313-12347_IRIS_313-12347 8.4
IRIS_313-12348_IRIS_313-12348 9.2
IRIS_313-12349_IRIS_313-12349 8.8
IRIS_313-12350_IRIS_313-12350 9.1
IRIS_313-12351_IRIS_313-12351 10.3
IRIS_313-12352_IRIS_313-12352 8.9
IRIS_313-12353_IRIS_313-12353 9
IRIS_313-12354_IRIS_313-12354 9.5
IRIS_313-12355_IRIS_313-12355 10.6
IRIS_313-7684_IRIS_313-7684 8.9
IRIS_313-7685_IRIS_313-7685 9
IRIS_313-7688_IRIS_313-7688 9.3
IRIS_313-7689_IRIS_313-7689 8.9
IRIS_313-7690_IRIS_313-7690 10
IRIS_313-7691_IRIS_313-7691 9.5
IRIS_313-7736_IRIS_313-7736 8.3
IRIS_313-7780_IRIS_313-7780 9.9
IRIS_313-7883_IRIS_313-7883 8.5
IRIS_313-7885_IRIS_313-7885 9
IRIS_313-7933_IRIS_313-7933 7.6
IRIS_313-8232_IRIS_313-8232 10
IRIS_313-8244_IRIS_313-8244 7.9
IRIS_313-8252_IRIS_313-8252 7.9
IRIS_313-8253_IRIS_313-8253 10.8
IRIS_313-8256_IRIS_313-8256 9.2
IRIS_313-8265_IRIS_313-8265 8
IRIS_313-8268_IRIS_313-8268 6.7
IRIS_313-8277_IRIS_313-8277 9.5
IRIS_313-8279_IRIS_313-8279 9.7
IRIS_313-8283_IRIS_313-8283 7.8
IRIS_313-8285_IRIS_313-8285 9.1
IRIS_313-8288_IRIS_313-8288 9.7
IRIS_313-8292_IRIS_313-8292 8.5
IRIS_313-8293_IRIS_313-8293 8.7
IRIS_313-8302_IRIS_313-8302 8.3
IRIS_313-8303_IRIS_313-8303 8.6
IRIS_313-8305_IRIS_313-8305 9.6
IRIS_313-8312_IRIS_313-8312 8
IRIS_313-8314_IRIS_313-8314 9.1
IRIS_313-8316_IRIS_313-8316 8.6
IRIS_313-8321_IRIS_313-8321 7.4
IRIS_313-8324_IRIS_313-8324 8.9
IRIS_313-8326_IRIS_313-8326 6.2
IRIS_313-8332_IRIS_313-8332 9.9
IRIS_313-8339_IRIS_313-8339 9.5
IRIS_313-8341_IRIS_313-8341 8.8
IRIS_313-8342_IRIS_313-8342 6.1
IRIS_313-8349_IRIS_313-8349 8.8
IRIS_313-8356_IRIS_313-8356 8.3
IRIS_313-8368_IRIS_313-8368 9.1
IRIS_313-8380_IRIS_313-8380 8.3
IRIS_313-8381_IRIS_313-8381 8.4
IRIS_313-8383_IRIS_313-8383 8.7
IRIS_313-8385_IRIS_313-8385 6.4
IRIS_313-8386_IRIS_313-8386 9
IRIS_313-8387_IRIS_313-8387 6.9
IRIS_313-8390_IRIS_313-8390 10.9
IRIS_313-8392_IRIS_313-8392 9.4
IRIS_313-8398_IRIS_313-8398 8.6
IRIS_313-8399_IRIS_313-8399 8
IRIS_313-8400_IRIS_313-8400 7.6
IRIS_313-8405_IRIS_313-8405 8
IRIS_313-8409_IRIS_313-8409 8.2
IRIS_313-8410_IRIS_313-8410 7.8
IRIS_313-8412_IRIS_313-8412 7.1
IRIS_313-8414_IRIS_313-8414 9.3
IRIS_313-8431_IRIS_313-8431 8.4
IRIS_313-8433_IRIS_313-8433 7.7
IRIS_313-8434_IRIS_313-8434 8.8
IRIS_313-8435_IRIS_313-8435 7.8
IRIS_313-8436_IRIS_313-8436 8.7
IRIS_313-8437_IRIS_313-8437 7.9
IRIS_313-8439_IRIS_313-8439 9
IRIS_313-8444_IRIS_313-8444 8.9
IRIS_313-8450_IRIS_313-8450 9.8
IRIS_313-8453_IRIS_313-8453 8.5
IRIS_313-8454_IRIS_313-8454 8.1
IRIS_313-8458_IRIS_313-8458 9.3
IRIS_313-8468_IRIS_313-8468 7.9
IRIS_313-8474_IRIS_313-8474 9.2
IRIS_313-8481_IRIS_313-8481 7.4
IRIS_313-8485_IRIS_313-8485 10.3
IRIS_313-8486_IRIS_313-8486 8.4
IRIS_313-8492_IRIS_313-8492 8.9
IRIS_313-8493_IRIS_313-8493 7.5
IRIS_313-8498_IRIS_313-8498 8.3
IRIS_313-8502_IRIS_313-8502 8.3
IRIS_313-8509_IRIS_313-8509 7.8
IRIS_313-8514_IRIS_313-8514 8.9
IRIS_313-8519_IRIS_313-8519 8
IRIS_313-8523_IRIS_313-8523 9.7
IRIS_313-8530_IRIS_313-8530 8.1
IRIS_313-8536_IRIS_313-8536 8.3
IRIS_313-8554_IRIS_313-8554 9.1
IRIS_313-8557_IRIS_313-8557 8.5
IRIS_313-8559_IRIS_313-8559 8.4
IRIS_313-8565_IRIS_313-8565 9
IRIS_313-8568_IRIS_313-8568 8.2
IRIS_313-8571_IRIS_313-8571 10.8
IRIS_313-8572_IRIS_313-8572 9.1
IRIS_313-8578_IRIS_313-8578 9.1
IRIS_313-8580_IRIS_313-8580 7.7
IRIS_313-8585_IRIS_313-8585 9.1
IRIS_313-8586_IRIS_313-8586 9.3
IRIS_313-8591_IRIS_313-8591 9.4
IRIS_313-8595_IRIS_313-8595 10.3
IRIS_313-8599_IRIS_313-8599 5.4
IRIS_313-8603_IRIS_313-8603 8.5
IRIS_313-8606_IRIS_313-8606 8.4
IRIS_313-8608_IRIS_313-8608 9.1
IRIS_313-8614_IRIS_313-8614 7.3
IRIS_313-8616_IRIS_313-8616 8.6
IRIS_313-8621_IRIS_313-8621 9.6
IRIS_313-8622_IRIS_313-8622 8.3
IRIS_313-8626_IRIS_313-8626 8.2
IRIS_313-8627_IRIS_313-8627 9.6
IRIS_313-8631_IRIS_313-8631 8
IRIS_313-8637_IRIS_313-8637 7.2
IRIS_313-8638_IRIS_313-8638 10.4
IRIS_313-8641_IRIS_313-8641 9
IRIS_313-8643_IRIS_313-8643 7.6
IRIS_313-8645_IRIS_313-8645 8.1
IRIS_313-8647_IRIS_313-8647 8.2
IRIS_313-8655_IRIS_313-8655 7.8
IRIS_313-8656_IRIS_313-8656 9.7
IRIS_313-8657_IRIS_313-8657 8.1
IRIS_313-8658_IRIS_313-8658 9
IRIS_313-8660_IRIS_313-8660 7.4
IRIS_313-8665_IRIS_313-8665 8.3
IRIS_313-8669_IRIS_313-8669 8.4
IRIS_313-8674_IRIS_313-8674 9.6
IRIS_313-8679_IRIS_313-8679 9.6
IRIS_313-8683_IRIS_313-8683 7.9
IRIS_313-8687_IRIS_313-8687 8.1
IRIS_313-8690_IRIS_313-8690 7.9
IRIS_313-8694_IRIS_313-8694 9.1
IRIS_313-8697_IRIS_313-8697 9.6
IRIS_313-8699_IRIS_313-8699 8.2
IRIS_313-8703_IRIS_313-8703 8.5
IRIS_313-8712_IRIS_313-8712 8.4
IRIS_313-8713_IRIS_313-8713 7.6
IRIS_313-8717_IRIS_313-8717 8
IRIS_313-8721_IRIS_313-8721 8
IRIS_313-8723_IRIS_313-8723 10.1
IRIS_313-8725_IRIS_313-8725 7.8
IRIS_313-8727_IRIS_313-8727 8.8
IRIS_313-8731_IRIS_313-8731 8.1
IRIS_313-8732_IRIS_313-8732 10.5
IRIS_313-8735_IRIS_313-8735 8
IRIS_313-8737_IRIS_313-8737 9.8
IRIS_313-8739_IRIS_313-8739 9.2
IRIS_313-8743_IRIS_313-8743 8.1
IRIS_313-8744_IRIS_313-8744 8.3
IRIS_313-8745_IRIS_313-8745 9.4
IRIS_313-8747_IRIS_313-8747 10
IRIS_313-8751_IRIS_313-8751 9.5
IRIS_313-8754_IRIS_313-8754 8.5
IRIS_313-8755_IRIS_313-8755 7.4
IRIS_313-8757_IRIS_313-8757 8.1
IRIS_313-8765_IRIS_313-8765 6.8
IRIS_313-8768_IRIS_313-8768 9.3
IRIS_313-8769_IRIS_313-8769 9.8
IRIS_313-8771_IRIS_313-8771 9.7
IRIS_313-8778_IRIS_313-8778 8.7
IRIS_313-8783_IRIS_313-8783 8.7
IRIS_313-8789_IRIS_313-8789 8.3
IRIS_313-8791_IRIS_313-8791 8.6
IRIS_313-8793_IRIS_313-8793 10.2
IRIS_313-8796_IRIS_313-8796 9
IRIS_313-8803_IRIS_313-8803 9.6
IRIS_313-8811_IRIS_313-8811 9.7
IRIS_313-8812_IRIS_313-8812 7.9
IRIS_313-8813_IRIS_313-8813 8
IRIS_313-8814_IRIS_313-8814 7.1
IRIS_313-8815_IRIS_313-8815 7.7
IRIS_313-8833_IRIS_313-8833 8.2
IRIS_313-8844_IRIS_313-8844 8.1
IRIS_313-8846_IRIS_313-8846 8.7
IRIS_313-8850_IRIS_313-8850 8.2
IRIS_313-8854_IRIS_313-8854 7.8
IRIS_313-8856_IRIS_313-8856 7.9
IRIS_313-8857_IRIS_313-8857 7.9
IRIS_313-8859_IRIS_313-8859 8.5
IRIS_313-8864_IRIS_313-8864 8.3
IRIS_313-8865_IRIS_313-8865 8
IRIS_313-8872_IRIS_313-8872 9.9
IRIS_313-8873_IRIS_313-8873 7.3
IRIS_313-8876_IRIS_313-8876 9
IRIS_313-8880_IRIS_313-8880 8.9
IRIS_313-8884_IRIS_313-8884 9.9
IRIS_313-8889_IRIS_313-8889 8.6
IRIS_313-8890_IRIS_313-8890 8.1
IRIS_313-8894_IRIS_313-8894 9.5
IRIS_313-8895_IRIS_313-8895 9.8
IRIS_313-8900_IRIS_313-8900 9.5
IRIS_313-8903_IRIS_313-8903 8.8
IRIS_313-8909_IRIS_313-8909 9.8
IRIS_313-8914_IRIS_313-8914 7.9
IRIS_313-8920_IRIS_313-8920 8.1
IRIS_313-8921_IRIS_313-8921 7.6
IRIS_313-8923_IRIS_313-8923 9.8
IRIS_313-8924_IRIS_313-8924 8
IRIS_313-8925_IRIS_313-8925 8.4
IRIS_313-8927_IRIS_313-8927 8.6
IRIS_313-8930_IRIS_313-8930 7.9
IRIS_313-8932_IRIS_313-8932 8
IRIS_313-8935_IRIS_313-8935 8.4
IRIS_313-8940_IRIS_313-8940 7.9
IRIS_313-8946_IRIS_313-8946 8.9
IRIS_313-8948_IRIS_313-8948 8.7
IRIS_313-8955_IRIS_313-8955 8.2
IRIS_313-8956_IRIS_313-8956 7.5
IRIS_313-8957_IRIS_313-8957 8.6
IRIS_313-8960_IRIS_313-8960 10.1
IRIS_313-8963_IRIS_313-8963 8
IRIS_313-8967_IRIS_313-8967 9.6
IRIS_313-8968_IRIS_313-8968 7.8
IRIS_313-8976_IRIS_313-8976 8.8
IRIS_313-8980_IRIS_313-8980 10.3
IRIS_313-8982_IRIS_313-8982 8.7
IRIS_313-8985_IRIS_313-8985 8.2
IRIS_313-8986_IRIS_313-8986 8.8
IRIS_313-8988_IRIS_313-8988 8.7
IRIS_313-8994_IRIS_313-8994 9.3
IRIS_313-8996_IRIS_313-8996 10.1
IRIS_313-8999_IRIS_313-8999 7
IRIS_313-9002_IRIS_313-9002 7.8
IRIS_313-9005_IRIS_313-9005 10
IRIS_313-9006_IRIS_313-9006 10
IRIS_313-9017_IRIS_313-9017 8.5
IRIS_313-9019_IRIS_313-9019 9.7
IRIS_313-9020_IRIS_313-9020 9.4
IRIS_313-9023_IRIS_313-9023 9.2
IRIS_313-9032_IRIS_313-9032 9
IRIS_313-9039_IRIS_313-9039 5.7
IRIS_313-9044_IRIS_313-9044 8.6
IRIS_313-9048_IRIS_313-9048 7
IRIS_313-9050_IRIS_313-9050 8
IRIS_313-9053_IRIS_313-9053 8.3
IRIS_313-9054_IRIS_313-9054 7.2
IRIS_313-9062_IRIS_313-9062 8.7
IRIS_313-9065_IRIS_313-9065 7.6
IRIS_313-9066_IRIS_313-9066 9.4
IRIS_313-9067_IRIS_313-9067 9.9
IRIS_313-9070_IRIS_313-9070 7.9
IRIS_313-9072_IRIS_313-9072 8.2
IRIS_313-9081_IRIS_313-9081 7.2
IRIS_313-9083_IRIS_313-9083 8
IRIS_313-9091_IRIS_313-9091 8
IRIS_313-9101_IRIS_313-9101 9.9
IRIS_313-9108_IRIS_313-9108 8.1
IRIS_313-9111_IRIS_313-9111 7.8
IRIS_313-9112_IRIS_313-9112 9.8
IRIS_313-9114_IRIS_313-9114 9.9
IRIS_313-9115_IRIS_313-9115 9.7
IRIS_313-9116_IRIS_313-9116 10
IRIS_313-9117_IRIS_313-9117 8.3
IRIS_313-9119_IRIS_313-9119 9.3
IRIS_313-9120_IRIS_313-9120 8.2
IRIS_313-9121_IRIS_313-9121 10
IRIS_313-9123_IRIS_313-9123 8.5
IRIS_313-9129_IRIS_313-9129 9.1
IRIS_313-9131_IRIS_313-9131 9.3
IRIS_313-9137_IRIS_313-9137 7.3
IRIS_313-9139_IRIS_313-9139 8.1
IRIS_313-9140_IRIS_313-9140 8.2
IRIS_313-9148_IRIS_313-9148 7.8
IRIS_313-9156_IRIS_313-9156 9.2
IRIS_313-9160_IRIS_313-9160 8.8
IRIS_313-9172_IRIS_313-9172 8
IRIS_313-9174_IRIS_313-9174 8.2
IRIS_313-9176_IRIS_313-9176 7.3
IRIS_313-9184_IRIS_313-9184 8.1
IRIS_313-9187_IRIS_313-9187 9.5
IRIS_313-9188_IRIS_313-9188 7.6
IRIS_313-9190_IRIS_313-9190 8.8
IRIS_313-9193_IRIS_313-9193 9.1
IRIS_313-9197_IRIS_313-9197 8.1
IRIS_313-9201_IRIS_313-9201 9.1
IRIS_313-9204_IRIS_313-9204 8.6
IRIS_313-9208_IRIS_313-9208 8.7
IRIS_313-9209_IRIS_313-9209 8.5
IRIS_313-9210_IRIS_313-9210 6.8
IRIS_313-9218_IRIS_313-9218 7.9
IRIS_313-9227_IRIS_313-9227 10.3
IRIS_313-9228_IRIS_313-9228 7.3
IRIS_313-9233_IRIS_313-9233 7.4
IRIS_313-9239_IRIS_313-9239 10.1
IRIS_313-9243_IRIS_313-9243 8.2
IRIS_313-9249_IRIS_313-9249 9.9
IRIS_313-9251_IRIS_313-9251 6.8
IRIS_313-9253_IRIS_313-9253 7.5
IRIS_313-9256_IRIS_313-9256 9.3
IRIS_313-9258_IRIS_313-9258 8.4
IRIS_313-9259_IRIS_313-9259 8.1
IRIS_313-9262_IRIS_313-9262 8.9
IRIS_313-9267_IRIS_313-9267 8.9
IRIS_313-9271_IRIS_313-9271 8.2
IRIS_313-9281_IRIS_313-9281 9.4
IRIS_313-9283_IRIS_313-9283 8.2
IRIS_313-9285_IRIS_313-9285 8
IRIS_313-9286_IRIS_313-9286 9.6
IRIS_313-9287_IRIS_313-9287 9.3
IRIS_313-9294_IRIS_313-9294 8.6
IRIS_313-9297_IRIS_313-9297 10.1
IRIS_313-9301_IRIS_313-9301 9.7
IRIS_313-9302_IRIS_313-9302 9.9
IRIS_313-9310_IRIS_313-9310 7.2
IRIS_313-9313_IRIS_313-9313 8.3
IRIS_313-9317_IRIS_313-9317 7.8
IRIS_313-9320_IRIS_313-9320 8.9
IRIS_313-9324_IRIS_313-9324 8.3
IRIS_313-9325_IRIS_313-9325 9.1
IRIS_313-9329_IRIS_313-9329 8.6
IRIS_313-9342_IRIS_313-9342 9.2
IRIS_313-9346_IRIS_313-9346 7.4
IRIS_313-9347_IRIS_313-9347 9.5
IRIS_313-9348_IRIS_313-9348 9.6
IRIS_313-9351_IRIS_313-9351 8.8
IRIS_313-9357_IRIS_313-9357 9.3
IRIS_313-9363_IRIS_313-9363 9.6
IRIS_313-9366_IRIS_313-9366 8.9
IRIS_313-9368_IRIS_313-9368 8.3
IRIS_313-9372_IRIS_313-9372 7.8
IRIS_313-9375_IRIS_313-9375 10.3
IRIS_313-9379_IRIS_313-9379 6.7
IRIS_313-9384_IRIS_313-9384 8
IRIS_313-9388_IRIS_313-9388 7.9
IRIS_313-9389_IRIS_313-9389 7.9
IRIS_313-9391_IRIS_313-9391 8.2
IRIS_313-9392_IRIS_313-9392 7.8
IRIS_313-9400_IRIS_313-9400 8.2
IRIS_313-9402_IRIS_313-9402 8.9
IRIS_313-9403_IRIS_313-9403 8.6
IRIS_313-9404_IRIS_313-9404 8.4
IRIS_313-9405_IRIS_313-9405 8.5
IRIS_313-9409_IRIS_313-9409 9.6
IRIS_313-9410_IRIS_313-9410 7.6
IRIS_313-9422_IRIS_313-9422 7.2
IRIS_313-9423_IRIS_313-9423 7.5
IRIS_313-9424_IRIS_313-9424 8.5
IRIS_313-9427_IRIS_313-9427 8.9
IRIS_313-9429_IRIS_313-9429 7
IRIS_313-9433_IRIS_313-9433 8.8
IRIS_313-9438_IRIS_313-9438 7.9
IRIS_313-9445_IRIS_313-9445 7.8
IRIS_313-9449_IRIS_313-9449 8.9
IRIS_313-9451_IRIS_313-9451 9.8
IRIS_313-9452_IRIS_313-9452 9.2
IRIS_313-9461_IRIS_313-9461 9.2
IRIS_313-9463_IRIS_313-9463 7.6
IRIS_313-9464_IRIS_313-9464 11.8
IRIS_313-9468_IRIS_313-9468 8
IRIS_313-9469_IRIS_313-9469 8.6
IRIS_313-9470_IRIS_313-9470 7.9
IRIS_313-9472_IRIS_313-9472 8.5
IRIS_313-9482_IRIS_313-9482 8.9
IRIS_313-9484_IRIS_313-9484 9.3
IRIS_313-9491_IRIS_313-9491 9.4
IRIS_313-9492_IRIS_313-9492 8.4
IRIS_313-9503_IRIS_313-9503 8.7
IRIS_313-9505_IRIS_313-9505 8.5
IRIS_313-9516_IRIS_313-9516 8.2
IRIS_313-9519_IRIS_313-9519 9.1
IRIS_313-9522_IRIS_313-9522 9.5
IRIS_313-9523_IRIS_313-9523 7.6
IRIS_313-9529_IRIS_313-9529 8
IRIS_313-9533_IRIS_313-9533 9.5
IRIS_313-9539_IRIS_313-9539 9.1
IRIS_313-9547_IRIS_313-9547 8.9
IRIS_313-9550_IRIS_313-9550 9.3
IRIS_313-9551_IRIS_313-9551 9.2
IRIS_313-9555_IRIS_313-9555 9.3
IRIS_313-9557_IRIS_313-9557 5.9
IRIS_313-9558_IRIS_313-9558 9.7
IRIS_313-9560_IRIS_313-9560 8.5
IRIS_313-9566_IRIS_313-9566 9.9
IRIS_313-9567_IRIS_313-9567 10.3
IRIS_313-9568_IRIS_313-9568 8.6
IRIS_313-9570_IRIS_313-9570 9.5
IRIS_313-9572_IRIS_313-9572 8.5
IRIS_313-9574_IRIS_313-9574 9.1
IRIS_313-9575_IRIS_313-9575 11.3
IRIS_313-9582_IRIS_313-9582 9.5
IRIS_313-9590_IRIS_313-9590 8.4
IRIS_313-9593_IRIS_313-9593 9.3
IRIS_313-9594_IRIS_313-9594 7.5
IRIS_313-9600_IRIS_313-9600 10
IRIS_313-9601_IRIS_313-9601 10.1
IRIS_313-9602_IRIS_313-9602 10.1
IRIS_313-9604_IRIS_313-9604 9
IRIS_313-9605_IRIS_313-9605 7.9
IRIS_313-9606_IRIS_313-9606 8.1
IRIS_313-9609_IRIS_313-9609 8
IRIS_313-9610_IRIS_313-9610 9.1
IRIS_313-9611_IRIS_313-9611 8.5
IRIS_313-9616_IRIS_313-9616 5.7
IRIS_313-9617_IRIS_313-9617 8.3
IRIS_313-9623_IRIS_313-9623 9.1
IRIS_313-9626_IRIS_313-9626 8.9
IRIS_313-9629_IRIS_313-9629 6.8
IRIS_313-9634_IRIS_313-9634 9
IRIS_313-9636_IRIS_313-9636 7
IRIS_313-9637_IRIS_313-9637 8
IRIS_313-9641_IRIS_313-9641 8.8
IRIS_313-9648_IRIS_313-9648 9.6
IRIS_313-9661_IRIS_313-9661 7.9
IRIS_313-9682_IRIS_313-9682 8.4
IRIS_313-9691_IRIS_313-9691 9.7
IRIS_313-9694_IRIS_313-9694 7.7
IRIS_313-9695_IRIS_313-9695 8.5
IRIS_313-9696_IRIS_313-9696 7.1
IRIS_313-9697_IRIS_313-9697 8.2
IRIS_313-9698_IRIS_313-9698 6.4
IRIS_313-9699_IRIS_313-9699 8.5
IRIS_313-9701_IRIS_313-9701 7.2
IRIS_313-9702_IRIS_313-9702 8.1
IRIS_313-9703_IRIS_313-9703 6.8
IRIS_313-9705_IRIS_313-9705 7.9
IRIS_313-9706_IRIS_313-9706 7.5
IRIS_313-9708_IRIS_313-9708 7
IRIS_313-9709_IRIS_313-9709 9.5
IRIS_313-9723_IRIS_313-9723 8
IRIS_313-9724_IRIS_313-9724 8
IRIS_313-9725_IRIS_313-9725 7.9
IRIS_313-9727_IRIS_313-9727 8.7
IRIS_313-9730_IRIS_313-9730 8.2
IRIS_313-9732_IRIS_313-9732 9.1
IRIS_313-9740_IRIS_313-9740 8.9
IRIS_313-9742_IRIS_313-9742 10.7
IRIS_313-9745_IRIS_313-9745 10.1
IRIS_313-9758_IRIS_313-9758 6.8
IRIS_313-9759_IRIS_313-9759 7.8
IRIS_313-9767_IRIS_313-9767 9.4
IRIS_313-9769_IRIS_313-9769 6.9
IRIS_313-9771_IRIS_313-9771 7.1
IRIS_313-9774_IRIS_313-9774 7.5
IRIS_313-9778_IRIS_313-9778 8
IRIS_313-9782_IRIS_313-9782 7.3
IRIS_313-9783_IRIS_313-9783 9.1
IRIS_313-9789_IRIS_313-9789 7.8
IRIS_313-9790_IRIS_313-9790 8.3
IRIS_313-9791_IRIS_313-9791 8.4
IRIS_313-9795_IRIS_313-9795 7.8
IRIS_313-9800_IRIS_313-9800 8.5
IRIS_313-9811_IRIS_313-9811 9
IRIS_313-9813_IRIS_313-9813 7.2
IRIS_313-9814_IRIS_313-9814 8.7
IRIS_313-9817_IRIS_313-9817 12
IRIS_313-9818_IRIS_313-9818 11.8
IRIS_313-9822_IRIS_313-9822 8
IRIS_313-9825_IRIS_313-9825 10.2
IRIS_313-9831_IRIS_313-9831 9.1
IRIS_313-9832_IRIS_313-9832 6.3
IRIS_313-9838_IRIS_313-9838 8.4
IRIS_313-9839_IRIS_313-9839 8.3
IRIS_313-9841_IRIS_313-9841 11.4
IRIS_313-9851_IRIS_313-9851 7.7
IRIS_313-9862_IRIS_313-9862 9.3
IRIS_313-9867_IRIS_313-9867 9.1
IRIS_313-9880_IRIS_313-9880 8.3
IRIS_313-9882_IRIS_313-9882 8.2
IRIS_313-9884_IRIS_313-9884 7.4
IRIS_313-9886_IRIS_313-9886 6.9
IRIS_313-9887_IRIS_313-9887 7.1
IRIS_313-9890_IRIS_313-9890 7.3
IRIS_313-9891_IRIS_313-9891 7.3
IRIS_313-9897_IRIS_313-9897 9.3
IRIS_313-9898_IRIS_313-9898 10.2
IRIS_313-9917_IRIS_313-9917 7.8
IRIS_313-9922_IRIS_313-9922 8
IRIS_313-9924_IRIS_313-9924 8.5
IRIS_313-9925_IRIS_313-9925 7.2
IRIS_313-9926_IRIS_313-9926 10.6
IRIS_313-9928_IRIS_313-9928 8.4
IRIS_313-9929_IRIS_313-9929 8.3
IRIS_313-9935_IRIS_313-9935 8
IRIS_313-9936_IRIS_313-9936 7.6
IRIS_313-9937_IRIS_313-9937 9.8
IRIS_313-9939_IRIS_313-9939 9.1
IRIS_313-9940_IRIS_313-9940 10.2
IRIS_313-9944_IRIS_313-9944 8.8
IRIS_313-9949_IRIS_313-9949 9
IRIS_313-9953_IRIS_313-9953 8.8
IRIS_313-9961_IRIS_313-9961 8.9
IRIS_313-9964_IRIS_313-9964 9.6
IRIS_313-9966_IRIS_313-9966 9.8
IRIS_313-9968_IRIS_313-9968 8
IRIS_313-9969_IRIS_313-9969 8.7
IRIS_313-9970_IRIS_313-9970 7.5
IRIS_313-9974_IRIS_313-9974 7.2
IRIS_313-9976_IRIS_313-9976 7.9
IRIS_313-9980_IRIS_313-9980 10.4
IRIS_313-9986_IRIS_313-9986 8
IRIS_313-9989_IRIS_313-9989 9.3
IRIS_313-9995_IRIS_313-9995 8.2
IRIS_313-9996_IRIS_313-9996 7.1
